county_fips,pivot_odds,log_pivot_odds
01001,1.8323982e-06,-13.209885
01003,2.9339856e-07,-15.041734
01005,0.00026816037,-8.223926
01007,4.274312e-06,-12.362887
01009,1.078967e-06,-13.739507
01011,0.000110656954,-9.109076
01013,0.00011469786,-9.073209
01015,2.343547e-06,-12.963845
01017,5.4627228e-05,-9.814979
01019,2.8876708e-05,-10.452476
01021,5.7999455e-07,-14.360248
01023,9.9846e-05,-9.211882
01025,8.292162e-05,-9.3976145
01027,2.3700134e-06,-12.952615
01029,1.8642844e-05,-10.890048
01031,2.83658e-06,-12.772911
01033,2.0367394e-05,-10.801576
01035,0.00037719298,-7.882754
01037,2.879482e-05,-10.455315
01039,1.2031329e-06,-13.630582
01041,1.5619493e-05,-11.066991
01043,3.6155004e-06,-12.53028
01045,2.495671e-06,-12.900953
01047,8.233336e-05,-9.404735
01049,4.2923375e-06,-12.358679
01051,1.2864742e-06,-13.563605
01053,7.4170975e-06,-11.811723
01055,4.2542097e-06,-12.367601
01057,1.5313217e-05,-11.086794
01059,2.916228e-05,-10.442635
01061,4.4255083e-07,-14.630711
01063,1.642802e-05,-11.016522
01065,0.0004961533,-7.6086254
01067,5.9004437e-06,-12.040483
01069,3.6707812e-07,-14.817691
01071,2.8158762e-05,-10.477652
01073,1.2425417e-05,-11.295767
01075,2.115449e-05,-10.763659
01077,5.737696e-06,-12.068453
01079,4.2443062e-05,-10.067348
01081,4.542795e-06,-12.301969
01083,3.1659301e-06,-12.663064
01085,3.458029e-05,-10.272226
01087,1.9530425e-13,-29.263706
01089,6.7157857e-06,-11.91105
01091,0.0004028195,-7.817022
01093,1.83374e-05,-10.906568
01095,1.6920559e-06,-13.289566
01097,5.8360465e-06,-12.051457
01099,0.00011388542,-9.0803175
01101,3.4623252e-05,-10.270985
01103,7.141171e-07,-14.152219
01105,9.0465895e-05,-9.310537
01107,7.901149e-05,-9.445917
01109,4.0501294e-05,-10.114177
01111,9.171689e-06,-11.599389
01113,0.00043009353,-7.7515078
01115,9.0360436e-07,-13.916874
01117,1.499667e-06,-13.410268
01119,4.7962625e-05,-9.945088
01121,7.1248805e-06,-11.851917
01123,3.7943128e-06,-12.482007
01125,7.2386347e-06,-11.836078
01127,7.3681217e-06,-11.818348
01129,2.1362113e-05,-10.753892
01131,9.0378126e-05,-9.311508
01133,6.979007e-06,-11.872604
02001,0.00013590926,-8.903523
02002,8.606839e-05,-9.360369
02003,0.00019018659,-8.567505
02004,0.00027124534,-8.212487
02005,0.00033632634,-7.997429
02006,5.4727796e-05,-9.813139
02007,2.2129743e-05,-10.718588
02008,5.615281e-05,-9.787434
02009,4.326871e-05,-10.04808
02010,2.2548946e-05,-10.699822
02011,2.0954112e-05,-10.773175
02012,5.469596e-06,-12.116306
02013,5.5286233e-05,-9.802987
02014,8.910488e-05,-9.325697
02015,0.00020983274,-8.4692
02016,0.00023007373,-8.3771105
02017,0.00018631858,-8.588053
02018,0.00019405274,-8.54738
02019,0.0002565724,-8.2681
02020,0.0002452695,-8.313153
02021,0.00017913144,-8.627391
02022,0.0002577345,-8.26358
02023,0.00032125125,-8.043287
02024,0.00016996663,-8.679909
02025,0.0002382282,-8.342281
02026,0.00017280245,-8.663362
02027,0.00014543941,-8.835751
02028,9.179406e-05,-9.295963
02029,1.4339946e-05,-11.152462
02030,1.4785484e-05,-11.121864
02031,0.00010356695,-9.175292
02032,0.00018702012,-8.584294
02033,0.00013033542,-8.945399
02034,0.00012790496,-8.964223
02035,0.00021958654,-8.423764
02036,0.00020809962,-8.477493
02037,0.0004741242,-7.6540413
02038,0.0005502922,-7.505061
02039,0.000501355,-7.598196
02040,0.0005076527,-7.585713
02099,0.00028368592,-8.167643
04001,4.30852e-05,-10.052331
04003,7.792365e-06,-11.762366
04005,8.36035e-05,-9.389425
04007,1.0885828e-05,-11.428049
04009,3.5150056e-06,-12.55847
04011,6.698266e-05,-9.611076
04012,4.825672e-06,-12.241561
04013,1.3451665e-06,-13.518992
04015,1.6222857e-06,-13.331675
04017,4.1235868e-05,-10.096202
04019,1.2450853e-05,-11.293721
04021,8.046628e-06,-11.730257
04023,0.0001447678,-8.84038
04025,1.1680247e-06,-13.660196
04027,3.9206883e-05,-10.146658
05001,5.5417728e-05,-9.8006115
05003,8.659474e-05,-9.354272
05005,1.0094949e-05,-11.503475
05007,2.879301e-06,-12.757963
05009,5.8298806e-06,-12.052514
05011,0.00039307785,-7.8415027
05013,0.0001845034,-8.597843
05015,2.2703978e-06,-12.995556
05017,0.00053470006,-7.5338044
05019,0.00038184386,-7.8704987
05021,0.00021991083,-8.422289
05023,2.4032257e-05,-10.636113
05025,0.00010376184,-9.173412
05027,3.345801e-05,-10.30522
05029,9.0326575e-05,-9.312078
05031,2.274853e-05,-10.69101
05033,4.1433277e-06,-12.3940115
05035,0.00057791616,-7.456082
05037,6.524862e-05,-9.637305
05039,0.0005784796,-7.455107
05041,0.0013974477,-6.5731077
05043,0.00013845513,-8.884964
05045,4.5181255e-06,-12.307413
05047,5.3495798e-05,-9.835908
05049,0.00017423232,-8.655121
05051,1.0826121e-05,-11.433549
05053,3.7676677e-05,-10.186469
05055,5.0775343e-05,-9.8881
05057,0.00015762079,-8.755319
05059,6.4461245e-05,-9.6494465
05061,9.061927e-05,-9.308844
05063,2.8758735e-05,-10.456569
05065,0.00012884589,-8.956894
05067,0.0002806321,-8.178466
05069,3.405649e-05,-10.28749
05071,5.9472102e-05,-9.730003
05073,0.000408846,-7.802172
05075,0.00016699875,-8.697524
05077,0.00087061635,-7.046309
05079,0.0003298413,-8.016899
05081,0.00016926217,-8.684062
05083,3.301909e-05,-10.318425
05085,6.6293883e-06,-11.923998
05087,3.046864e-05,-10.398812
05089,2.7355478e-05,-10.506594
05091,2.6367898e-05,-10.543364
05093,0.00025802516,-8.262453
05095,0.0012989304,-6.646214
05097,8.750883e-05,-9.343771
05099,0.00027293141,-8.20629
05101,2.4623072e-05,-10.611827
05103,0.00025069262,-8.291283
05105,8.5311105e-05,-9.369205
05107,9.963616e-05,-9.213985
05109,9.65608e-05,-9.2453375
05111,0.00011768189,-9.047525
05113,1.6288868e-05,-11.025028
05115,8.546253e-06,-11.670017
05117,0.00011585687,-9.063155
05119,3.2117692e-05,-10.346104
05121,0.0001590832,-8.746083
05123,0.00095242856,-6.9564953
05125,3.7636394e-06,-12.490124
05127,5.2727286e-05,-9.850377
05129,3.6960417e-05,-10.205663
05131,3.3876483e-06,-12.595375
05133,0.000123021,-9.003156
05135,6.7082176e-05,-9.609592
05137,6.456417e-05,-9.647851
05139,8.295905e-06,-11.699749
05141,8.3672654e-05,-9.388598
05143,1.8190765e-05,-10.914597
05145,6.4440774e-06,-11.952349
05147,0.0013578939,-6.6018205
05149,7.897007e-05,-9.446442
06001,6.1222477e-07,-14.306167
06003,0.00517306,-5.264291
06005,6.688251e-06,-11.915158
06007,2.8364318e-05,-10.470379
06009,7.471214e-06,-11.804453
06011,0.00013441035,-8.914613
06013,3.6505014e-06,-12.520646
06015,6.5506174e-05,-9.633367
06017,1.0838921e-05,-11.432367
06019,1.0852166e-05,-11.431146
06021,3.4759774e-05,-10.26705
06023,4.7345697e-05,-9.9580345
06025,7.247336e-05,-9.532291
06027,0.00017742578,-8.636958
06029,4.7445606e-06,-12.258512
06031,2.7462771e-05,-10.502679
06033,0.00050666847,-7.5876536
06035,0.0,-36.841362
06037,3.7966046e-07,-14.783989
06039,2.1143862e-05,-10.764161
06041,3.5582957e-06,-12.546229
06043,4.0422605e-05,-10.116121
06045,3.3444965e-05,-10.30561
06047,5.5262593e-05,-9.803414
06049,1.4068328e-06,-13.47417
06051,0.00070989627,-7.2503915
06053,1.2113972e-05,-11.321151
06055,3.9249426e-05,-10.145574
06057,5.7844652e-05,-9.75775
06059,2.1457336e-06,-13.052029
06061,7.1090817e-06,-11.854137
06063,4.89195e-05,-9.925335
06065,4.5852926e-06,-12.292657
06067,6.8867935e-06,-11.885905
06069,0.00020920286,-8.472206
06071,6.2826584e-06,-11.977717
06073,2.8475845e-06,-12.769039
06075,2.5557043e-07,-15.179768
06077,1.8442888e-05,-10.900832
06079,2.6477665e-05,-10.539209
06081,2.7202102e-06,-12.814801
06083,2.0001382e-05,-10.819709
06085,1.8888437e-06,-13.179545
06087,3.4451107e-06,-12.578554
06089,9.005697e-07,-13.9202385
06091,0.00022875758,-8.382848
06093,3.4070734e-05,-10.287072
06095,1.8903926e-05,-10.876141
06097,4.252843e-06,-12.367923
06099,1.7786184e-05,-10.937089
06101,2.4326919e-05,-10.623927
06103,1.033973e-06,-13.782102
06105,0.00040480058,-7.812116
06107,1.0428779e-05,-11.470942
06109,1.1600404e-05,-11.3644705
06111,1.1124905e-05,-11.406324
06113,2.5128464e-05,-10.59151
06115,2.18468e-05,-10.731456
08001,3.743107e-05,-10.193009
08003,0.00087982195,-7.035791
08005,1.3301713e-05,-11.227618
08007,9.2573115e-05,-9.287512
08009,5.4212187e-06,-12.12519
08011,2.4480723e-05,-10.617624
08013,7.442136e-06,-11.808352
08014,0.0001220166,-9.0113535
08015,0.0002698578,-8.217615
08017,0.0,-36.841362
08019,0.0012448139,-6.6887693
08021,0.001302012,-6.6438446
08023,0.00017827722,-8.632171
08025,2.117467e-05,-10.762705
08027,3.7738355e-05,-10.184834
08029,3.6365138e-06,-12.524485
08031,2.518556e-06,-12.891825
08033,2.8216897e-05,-10.47559
08035,5.4406764e-06,-12.121607
08037,0.00016674737,-8.699031
08039,3.1374401e-15,-33.363995
08041,2.457633e-06,-12.916312
08043,3.4640965e-24,-36.841362
08045,9.812389e-05,-9.2292795
08047,0.002944397,-5.8278513
08049,0.00020345717,-8.500055
08051,0.00041471652,-7.787915
08053,0.0006926366,-7.2750053
08055,0.0012806449,-6.6603913
08057,2.9227976e-05,-10.440384
08059,1.19399565e-05,-11.33562
08061,1.8835211e-05,-10.879783
08063,1.49505e-07,-15.715936
08065,0.0014623773,-6.527692
08067,0.00015787018,-8.753737
08069,2.120364e-05,-10.761337
08071,0.00024651864,-8.308073
08073,0.0,-36.841362
08075,1.0359249e-06,-13.780216
08077,2.157829e-06,-13.046408
08079,0.0018703607,-6.281624
08081,1.0491241e-06,-13.767555
08083,2.9466968e-05,-10.4322405
08085,9.103428e-07,-13.909445
08087,3.3544172e-06,-12.605232
08089,3.0111074e-05,-10.410618
08091,0.0009889212,-6.918896
08093,3.5431363e-05,-10.247913
08095,0.0,-36.841362
08097,0.0001127419,-9.090409
08099,7.4001373e-06,-11.814012
08101,0.00022771207,-8.387428
08103,0.0,-36.841362
08105,0.00016080933,-8.7352915
08107,0.00028791715,-8.152838
08109,0.0016256605,-6.421841
08111,0.008088872,-4.817266
08113,0.00016829802,-8.6897745
08115,4.1563277e-09,-19.298634
08117,0.00018025892,-8.621117
08119,7.4295554e-06,-11.810044
08121,1.0699766e-10,-22.958214
08123,4.9675423e-06,-12.212585
08125,1.9603447e-15,-33.815903
09001,1.0846341e-05,-11.431683
09003,5.676431e-06,-12.079188
09005,1.1721699e-05,-11.354069
09007,8.876618e-05,-9.329505
09009,1.29866075e-05,-11.251592
09011,6.769477e-05,-9.600502
09013,0.0001523047,-8.789627
09015,0.00024993907,-8.294293
10001,5.923748e-05,-9.733956
10003,6.264808e-06,-11.980562
10005,7.047539e-06,-11.862832
11001,1.8624104e-07,-15.496224
12001,3.8545775e-05,-10.163664
12003,8.205551e-10,-20.92104
12005,1.5116139e-07,-15.704918
12007,1.9659024e-06,-13.139559
12009,1.4785159e-06,-13.424472
12011,1.0856202e-06,-13.733359
12013,4.002116e-05,-10.126102
12015,2.4990737e-18,-36.816677
12017,4.240372e-06,-12.370859
12019,1.3936625e-06,-13.483576
12021,2.0128089e-06,-13.115979
12023,1.2018985e-06,-13.631608
12027,1.9562945e-08,-17.749628
12029,1.575145e-05,-11.0585785
12031,6.2888003e-06,-11.97674
12033,4.802281e-06,-12.24642
12035,7.2458006e-06,-11.835089
12037,3.5101362e-05,-10.257271
12039,2.8239509e-05,-10.474789
12041,1.2001906e-05,-11.330445
12043,4.614327e-05,-9.98376
12045,1.8796518e-05,-10.881839
12047,1.6298049e-05,-11.024466
12049,1.3222935e-06,-13.536142
12051,6.05099e-05,-9.712704
12053,6.5175877e-06,-11.941007
12055,7.137922e-07,-14.152674
12057,8.014781e-06,-11.734223
12059,1.0966295e-05,-11.420684
12061,3.98474e-06,-12.433039
12063,2.995463e-06,-12.718411
12065,0.0007606988,-7.181273
12067,1.1854744e-05,-11.342782
12069,2.0386465e-06,-13.103225
12071,1.0659887e-06,-13.751608
12073,2.319426e-05,-10.671606
12075,3.618423e-06,-12.529472
12077,8.751724e-05,-9.343675
12079,6.402655e-05,-9.656213
12081,2.2347729e-06,-13.011371
12083,3.54565e-07,-14.852374
12085,7.8531434e-07,-14.057181
12086,5.465416e-06,-12.11707
12087,3.9667568e-05,-10.134976
12089,6.528342e-07,-14.241942
12091,1.181804e-06,-13.648468
12093,3.1350603e-05,-10.370277
12095,8.103104e-06,-11.723264
12097,3.3688513e-05,-10.298353
12099,5.8488818e-06,-12.04926
12101,2.965832e-07,-15.030938
12103,1.1573903e-05,-11.366757
12105,3.1427046e-06,-12.670427
12107,6.0611483e-06,-12.013612
12109,2.1301485e-06,-13.059319
12111,5.5336455e-05,-9.802078
12113,1.6732972e-07,-15.6033
12115,5.052771e-06,-12.195574
12117,1.1416937e-05,-11.380413
12119,3.6173253e-06,-12.529776
12121,1.7328347e-06,-13.265752
12123,1.5979647e-05,-11.044195
12125,9.6415215e-06,-11.549432
12127,2.1341555e-06,-13.05744
12129,1.433013e-05,-11.153146
12131,1.0034009e-07,-16.1147
12133,1.9298932e-06,-13.158046
13001,8.697252e-06,-11.652503
13003,2.4705356e-05,-10.608491
13005,1.7202825e-05,-10.970437
13007,0.002538058,-5.976356
13009,0.0002708613,-8.213903
13011,8.58231e-06,-11.665808
13013,2.770799e-06,-12.796375
13015,1.3809886e-06,-13.492711
13017,2.9434197e-05,-10.433353
13019,1.3774907e-05,-11.192662
13021,6.0403992e-05,-9.714456
13023,7.737592e-06,-11.76942
13025,1.3249106e-05,-11.231581
13027,7.581955e-05,-9.487154
13029,8.109879e-06,-11.722427
13031,1.0867164e-05,-11.429765
13033,0.00070533116,-7.256843
13035,2.6270613e-06,-12.849645
13037,0.0029987807,-5.8095493
13039,3.091216e-06,-12.686946
13043,1.0590592e-05,-11.455544
13045,6.8415216e-07,-14.195086
13047,1.1884065e-08,-18.248068
13049,2.4240169e-17,-36.624313
13051,4.0936717e-05,-10.103483
13053,0.00042196945,-7.7705774
13055,2.622636e-05,-10.548745
13057,1.1693195e-06,-13.659089
13059,5.958993e-05,-9.728024
13061,0.0011619432,-6.7576613
13063,6.6861926e-06,-11.915466
13065,2.0649932e-05,-10.787799
13067,5.878478e-06,-12.044212
13069,5.32278e-10,-21.353855
13071,2.2021718e-06,-13.026067
13073,4.942639e-06,-12.217611
13075,1.1908795e-05,-11.338233
13077,1.5377408e-06,-13.385197
13079,2.4807161e-05,-10.604378
13081,3.3487053e-05,-10.304352
13083,5.1888587e-06,-12.168997
13085,3.1256777e-06,-12.675859
13087,4.460596e-05,-10.017643
13089,1.6539634e-06,-13.312336
13091,6.579261e-06,-11.931588
13093,0.0012399429,-6.69269
13095,5.2814466e-05,-9.848725
13097,4.4112265e-05,-10.028772
13099,0.00047891165,-7.6439943
13101,3.8287522e-05,-10.170386
13103,2.4056383e-06,-12.9376955
13105,3.8428802e-06,-12.469289
13107,1.959042e-05,-10.84047
13109,2.6048556e-06,-12.858133
13111,6.285663e-06,-11.97724
13113,1.3658467e-05,-11.201151
13115,3.1852185e-06,-12.65699
13117,2.5673128e-06,-12.872651
13119,1.3526475e-05,-11.210861
13121,5.3925028e-06,-12.130501
13123,1.3263212e-06,-13.533101
13125,2.3926605e-05,-10.640519
13127,1.1077383e-05,-11.410605
13129,9.4075244e-07,-13.876586
13131,5.346636e-06,-12.139043
13133,1.45975855e-05,-11.134654
13135,6.018859e-06,-12.020613
13137,2.187733e-06,-13.032645
13139,1.3259119e-06,-13.53341
13141,1.1239883e-05,-11.396042
13143,8.35165e-06,-11.693051
13145,2.5526706e-06,-12.87837
13147,1.605694e-05,-11.03937
13149,2.0258405e-05,-10.806941
13151,2.229317e-05,-10.71123
13153,1.3385325e-05,-11.221352
13155,6.326631e-06,-11.970743
13157,1.2271045e-06,-13.610853
13159,9.630628e-06,-11.550562
13161,8.825194e-07,-13.940485
13163,0.0010469411,-6.8618827
13165,6.387813e-05,-9.658533
13167,3.1692402e-06,-12.662019
13169,7.0545534e-06,-11.861837
13171,6.631129e-06,-11.923736
13173,2.2548757e-05,-10.699831
13175,7.067262e-06,-11.860038
13177,7.890064e-06,-11.749907
13179,0.00022514432,-8.398769
13181,8.139463e-08,-16.323957
13183,6.959281e-05,-9.572849
13185,2.501819e-05,-10.595907
13187,3.5920693e-06,-12.536782
13189,6.0807295e-05,-9.707801
13191,9.0240086e-05,-9.313037
13193,0.0003331936,-8.006787
13195,5.1130503e-11,-23.696638
13197,5.579754e-05,-9.79378
13199,6.50842e-05,-9.639829
13201,2.1565681e-06,-13.046992
13205,0.000220786,-8.418317
13207,1.8058922e-09,-20.132212
13209,3.3923094e-05,-10.291414
13211,6.43611e-06,-11.953587
13213,6.4545693e-06,-11.950723
13215,6.674851e-05,-9.614578
13217,6.309762e-05,-9.670828
13219,9.598744e-06,-11.553879
13221,2.8730374e-06,-12.76014
13223,3.1579525e-06,-12.665586
13225,0.00040016737,-7.8236275
13227,4.7184894e-06,-12.264022
13229,2.5847612e-06,-12.865877
13231,1.311457e-06,-13.544372
13233,7.2012444e-06,-11.841257
13235,2.826988e-05,-10.473714
13237,2.0108188e-05,-10.8143835
13239,0.006847659,-4.9838486
13241,1.05285735e-05,-11.461418
13243,0.0023463177,-6.0549083
13245,3.3487908e-05,-10.304326
13247,6.103899e-05,-9.703998
13249,3.2674252e-05,-10.328923
13251,2.895039e-05,-10.449927
13253,2.1150823e-05,-10.763832
13255,1.8874462e-05,-10.877701
13257,4.1568383e-06,-12.390756
13259,0.0008548855,-7.0645432
13261,0.0004096147,-7.8002934
13263,0.00035682344,-7.9382696
13265,0.00038198265,-7.8701353
13267,5.786996e-06,-12.059897
13269,9.4370575e-05,-9.268281
13271,5.427751e-05,-9.821401
13273,0.001498763,-6.503115
13275,2.118878e-05,-10.762039
13277,5.9485014e-06,-12.0323715
13279,3.860321e-06,-12.46476
13281,9.658241e-06,-11.547699
13283,3.48558e-05,-10.264291
13285,1.9243507e-05,-10.858336
13287,0.00015215526,-8.790609
13289,0.0014957957,-6.505097
13291,3.9253564e-06,-12.448053
13293,4.4566045e-06,-12.321123
13295,1.1037505e-06,-13.716797
13297,1.0944009e-06,-13.725304
13299,3.3048489e-06,-12.62012
13301,0.0026084639,-5.9489937
13303,0.0006053099,-7.40977
13305,2.2410184e-06,-13.00858
13307,0.003103821,-5.775121
13309,0.00015889439,-8.747271
13311,1.2369139e-06,-13.602891
13313,1.9757326e-06,-13.134571
13315,2.5140393e-05,-10.591035
13317,0.00019346722,-8.550403
13319,0.0002460969,-8.309785
13321,2.887304e-06,-12.755187
15001,1.6156426e-05,-11.033193
15003,7.126336e-06,-11.851713
15007,3.5917266e-05,-10.234292
15009,1.668313e-05,-11.001113
16001,8.8062125e-06,-11.640053
16003,1.7596825e-05,-10.947792
16005,1.0595589e-05,-11.455072
16007,7.124483e-06,-11.851974
16009,2.0567775e-05,-10.791785
16011,1.0617943e-09,-20.663305
16013,0.00027771344,-8.188921
16015,5.380968e-09,-19.040398
16017,1.5114938e-06,-13.402412
16019,2.9462358e-06,-12.7349825
16021,5.0247318e-06,-12.2011385
16023,1.39053855e-05,-11.183234
16025,5.7003497e-05,-9.772398
16027,1.7800726e-06,-13.238856
16029,0.0,-36.841362
16031,6.7629236e-09,-18.811811
16033,5.8194833e-05,-9.751714
16035,4.7063772e-06,-12.266592
16037,1.8036334e-07,-15.528293
16039,8.169552e-06,-11.715096
16041,3.27623e-06,-12.628818
16043,1.8618454e-16,-35.789894
16045,1.1131679e-18,-36.83029
16047,0.0,-36.841362
16049,3.9114287e-15,-33.149628
16051,1.5545454e-16,-35.90349
16053,4.6865716e-06,-12.270809
16055,1.7942684e-15,-33.899944
16057,0.00024057859,-8.332464
16059,3.6771007e-06,-12.513386
16061,7.29001e-37,-36.841362
16063,2.407273e-13,-29.054697
16065,4.15319e-06,-12.391634
16067,2.0172385e-07,-15.416367
16069,1.211641e-06,-13.623535
16071,8.62357e-06,-11.661012
16073,1.1532871e-10,-22.883234
16075,2.5952087e-09,-19.769598
16077,3.2060885e-05,-10.347874
16079,0.000101143916,-9.198966
16081,0.00045014932,-7.705931
16083,6.3182e-08,-16.577246
16085,0.00019535857,-8.540674
16087,0.0,-36.841362
17001,1.4425852e-06,-13.449074
17003,0.0020013293,-6.2139435
17005,6.333422e-05,-9.667085
17007,5.0667226e-05,-9.890231
17009,0.00012369166,-8.997719
17011,2.8743829e-05,-10.4570875
17013,0.00065261236,-7.334527
17015,0.00010626097,-9.149612
17017,0.00010957008,-9.118946
17019,4.955987e-05,-9.912329
17021,2.9224993e-05,-10.440486
17023,2.3934386e-05,-10.640194
17025,3.5267796e-05,-10.252541
17027,2.5136529e-05,-10.591188
17029,7.888656e-06,-11.750085
17031,2.1869819e-07,-15.335573
17033,1.4666023e-05,-11.129977
17035,4.3233627e-05,-10.048892
17037,0.00011782046,-9.046349
17039,1.33546055e-05,-11.223649
17041,2.680208e-06,-12.829617
17043,7.576386e-06,-11.790474
17045,4.1426476e-05,-10.091591
17047,3.841792e-05,-10.166986
17049,1.1800664e-06,-13.64994
17051,4.833165e-05,-9.937424
17053,3.0291972e-06,-12.707213
17055,6.301237e-05,-9.672179
17057,0.00036764028,-7.908406
17059,0.0005059503,-7.589072
17061,9.011993e-05,-9.314369
17063,4.6214177e-06,-12.284809
17065,0.00011920134,-9.034697
17067,6.9924805e-05,-9.56809
17069,0.00021245907,-8.456761
17071,0.00094174495,-6.9677763
17073,4.4510234e-05,-10.019792
17075,1.2649051e-06,-13.580513
17077,0.0006630446,-7.3186684
17079,4.1954903e-05,-10.078916
17081,2.1550413e-05,-10.745115
17083,9.563071e-05,-9.255016
17085,0.00010219464,-9.188631
17087,1.5009253e-05,-11.106844
17089,1.781035e-05,-10.935731
17091,1.0436668e-05,-11.470185
17093,5.640454e-05,-9.782961
17095,0.0007316939,-7.220148
17097,1.3164659e-05,-11.237975
17099,1.01861315e-05,-11.494483
17101,7.635916e-05,-9.4800625
17103,2.0744614e-05,-10.783224
17105,8.740899e-09,-18.555252
17107,1.3305265e-10,-22.740276
17109,2.3781071e-05,-10.646621
17111,1.5379213e-05,-11.082494
17113,3.075832e-05,-10.38935
17115,1.8424006e-06,-13.204441
17117,8.6152686e-05,-9.359389
17119,1.6332826e-05,-11.022334
17121,6.112356e-05,-9.702613
17123,5.2687818e-05,-9.851127
17125,0.00016013834,-8.739472
17127,2.491832e-05,-10.599907
17129,9.1828315e-06,-11.598175
17131,0.00038411238,-7.8645754
17133,6.8375107e-06,-11.893086
17135,0.00010238818,-9.186739
17137,9.121154e-06,-11.604915
17139,4.2977616e-05,-10.0548315
17141,7.92915e-06,-11.744965
17143,7.105614e-05,-9.55204
17145,0.00010111248,-9.199277
17147,9.904462e-06,-11.522525
17149,4.5612724e-05,-9.995324
17151,0.00018196073,-8.61172
17153,0.00022283217,-8.409092
17155,0.0009418027,-6.967715
17157,7.179687e-05,-9.54167
17159,2.017366e-05,-10.811132
17161,7.1321e-05,-9.54832
17163,9.871531e-05,-9.22327
17165,5.0150902e-05,-9.900475
17167,2.2426882e-05,-10.70525
17169,0.00016065822,-8.736231
17171,0.00010273842,-9.183325
17173,2.2723858e-05,-10.692095
17175,6.9009024e-05,-9.581273
17177,6.334889e-05,-9.666853
17179,3.2729943e-08,-17.234976
17181,3.356718e-05,-10.301962
17183,1.8352224e-05,-10.90576
17185,2.4753701e-05,-10.606536
17187,0.00012943718,-8.952315
17189,2.889895e-05,-10.451705
17191,1.3348052e-05,-11.22414
17193,5.086411e-05,-9.886353
17195,0.00029034502,-8.144441
17197,1.7539998e-05,-10.951027
17199,3.6751478e-06,-12.513917
17201,4.9509254e-05,-9.913351
17203,2.527227e-07,-15.190973
18001,7.4209663e-07,-14.113787
18003,6.911914e-06,-11.882264
18005,9.896018e-06,-11.523378
18007,1.2361335e-05,-11.300937
18009,0.0001058689,-9.153309
18011,1.6123244e-05,-11.035249
18013,8.476885e-06,-11.678167
18015,8.872158e-06,-11.632592
18017,9.196566e-06,-11.596681
18019,4.1218523e-06,-12.399208
18021,9.95444e-06,-11.517492
18023,7.836135e-06,-11.756764
18025,0.00015115248,-8.797221
18027,1.1897397e-07,-15.944361
18029,7.8540916e-07,-14.057061
18031,5.302915e-06,-12.147254
18033,4.8494862e-06,-12.236638
18035,4.6221798e-05,-9.9820595
18037,5.5519668e-06,-12.101358
18039,5.1550587e-06,-12.175532
18041,4.6525336e-05,-9.975513
18043,9.853131e-06,-11.527721
18045,3.852748e-05,-10.164139
18047,2.1710757e-06,-13.040288
18049,4.844565e-06,-12.237653
18051,9.663634e-06,-11.547141
18053,2.9530593e-06,-12.732669
18055,1.6633467e-05,-11.004094
18057,6.617147e-06,-11.925846
18059,2.7227215e-06,-12.813879
18061,2.5147342e-06,-12.893343
18063,4.842332e-06,-12.238114
18065,2.0639935e-05,-10.788282
18067,3.3724602e-06,-12.599868
18069,1.0951674e-06,-13.724604
18071,8.820648e-06,-11.638415
18073,5.923507e-06,-12.036582
18075,4.0857e-05,-10.1054325
18077,1.5922082e-05,-11.047804
18079,4.6405883e-05,-9.978085
18081,1.9573572e-06,-13.143915
18083,1.6680922e-05,-11.001245
18085,8.9381604e-07,-13.927766
18087,9.939819e-06,-11.518962
18089,4.5231222e-06,-12.306308
18091,0.00014082315,-8.868006
18093,8.5835114e-07,-13.968252
18095,1.1419923e-05,-11.380151
18097,9.270197e-06,-11.588706
18099,2.725134e-06,-12.812993
18101,9.023874e-06,-11.615637
18103,5.267574e-06,-12.15394
18105,5.6398625e-05,-9.783066
18107,3.3598485e-06,-12.603615
18109,2.9605997e-06,-12.730119
18111,4.7326303e-05,-9.958445
18113,1.6699283e-06,-13.30273
18115,6.6917215e-05,-9.612054
18117,1.8229368e-05,-10.912477
18119,1.9004441e-05,-10.870838
18121,2.36218e-05,-10.65334
18123,0.00049068255,-7.6197133
18125,7.8148514e-05,-9.4569
18127,4.1525607e-05,-10.0892
18129,3.9406214e-06,-12.444172
18131,4.6484784e-06,-12.278971
18133,3.6704691e-06,-12.515191
18135,2.2336548e-05,-10.709287
18137,2.3556297e-06,-12.958702
18139,1.726705e-05,-10.96671
18141,5.2070012e-05,-9.862922
18143,0.00012861645,-8.958676
18145,2.3618163e-06,-12.9560795
18147,3.491702e-05,-10.262536
18149,0.00012933693,-8.95309
18151,3.3143797e-06,-12.61724
18153,6.4606276e-05,-9.647199
18155,0.00013818519,-8.886916
18157,4.928697e-05,-9.9178505
18159,1.3801365e-05,-11.190743
18161,1.9908788e-05,-10.824349
18163,1.1617058e-05,-11.363036
18165,0.00028250963,-8.171798
18167,2.9176465e-05,-10.442148
18169,8.8961644e-07,-13.932475
18171,6.228618e-05,-9.683771
18173,3.4877207e-06,-12.566262
18175,9.287003e-06,-11.586895
18177,7.3034454e-07,-14.129749
18179,2.4895182e-35,-36.841362
18181,1.1131277e-05,-11.405752
18183,2.0102316e-06,-13.117261
19001,0.00010908602,-9.123374
19003,0.00045547282,-7.694175
19005,0.00031354866,-8.067556
19007,0.0001705389,-8.676547
19009,0.00024827733,-8.300964
19011,0.00012472397,-8.989408
19013,0.00013292838,-8.9257
19015,7.920617e-05,-9.443457
19017,7.936292e-05,-9.44148
19019,0.00055174535,-7.502424
19021,6.849559e-06,-11.891326
19023,4.0428513e-05,-10.115975
19025,7.065712e-05,-9.557672
19027,0.00010220368,-9.188543
19029,1.1146574e-05,-11.404378
19031,0.00011239122,-9.093525
19033,0.00060174236,-7.4156814
19035,7.015773e-05,-9.564765
19037,0.0005923988,-7.4313307
19039,0.00046073273,-7.6826925
19041,4.7229074e-05,-9.960501
19043,0.0003492691,-7.9596677
19045,0.0003708504,-7.8997116
19047,0.00011656195,-9.057088
19049,4.6963945e-05,-9.96613
19051,0.00017271741,-8.663854
19053,0.00022733492,-8.389086
19055,0.00012472374,-8.989409
19057,0.0004178738,-7.780331
19059,1.9929792e-05,-10.823295
19061,0.0006344626,-7.3627324
19063,0.0002334799,-8.362414
19065,0.00031769925,-8.054405
19067,0.00072614773,-7.227757
19069,8.00083e-05,-9.43338
19071,0.00013718572,-8.894175
19073,0.00016173566,-8.7295475
19075,1.3128592e-05,-11.240718
19077,6.801138e-05,-9.595836
19079,5.949792e-05,-9.729569
19081,8.0525926e-05,-9.426931
19083,4.0235835e-05,-10.120752
19085,2.7029691e-05,-10.518575
19087,3.437863e-05,-10.278075
19089,0.0009827506,-6.925155
19091,3.4322875e-05,-10.279698
19093,5.518734e-05,-9.804777
19095,3.1865933e-05,-10.353973
19097,0.00049980683,-7.601289
19099,0.00012872778,-8.95781
19101,0.0013188488,-6.630996
19103,1.5831143e-05,-11.053532
19105,0.00027831024,-8.186774
19107,0.00011792585,-9.045455
19109,9.54069e-05,-9.2573595
19111,0.00032433582,-8.033731
19113,6.531386e-05,-9.636306
19115,0.00030292262,-8.102034
19117,0.00014998707,-8.804961
19119,4.892441e-06,-12.227819
19121,1.6136933e-05,-11.0344
19123,9.776651e-06,-11.535514
19125,7.120312e-07,-14.155144
19127,0.00018936215,-8.571849
19129,4.5295305e-06,-12.304893
19131,0.0005237321,-7.55453
19133,0.00021001289,-8.468342
19135,0.00028540287,-8.161609
19137,1.4176665e-05,-11.163914
19139,0.00036880834,-7.9052334
19141,6.0360408e-06,-12.017762
19143,3.4732977e-05,-10.267821
19145,5.452849e-06,-12.119372
19147,0.00025248583,-8.284156
19149,1.8726918e-06,-13.188134
19151,0.00012484298,-8.988454
19153,2.7172166e-05,-10.513317
19155,1.2772898e-05,-11.268185
19157,0.00038094548,-7.872854
19159,0.0004129456,-7.792195
19161,9.4840856e-05,-9.26331
19163,0.0001007958,-9.202414
19165,9.135348e-06,-11.603359
19167,1.0834659e-11,-25.248262
19169,0.00011675598,-9.055425
19171,0.00025518468,-8.273523
19173,0.00014246974,-8.856381
19175,0.00018754155,-8.581511
19177,0.00010438139,-9.1674595
19179,0.0003011747,-8.1078205
19181,2.7268718e-06,-12.812355
19183,1.9651585e-05,-10.837353
19185,0.00024652915,-8.30803
19187,0.00013877012,-8.882691
19189,0.00018559369,-8.59195
19191,0.00061666005,-7.3911924
19193,9.539574e-06,-11.560061
19195,0.0011580624,-6.761007
19197,6.96745e-05,-9.571676
20001,3.804101e-18,-36.804028
20003,4.004447e-05,-10.12552
20005,5.3831365e-05,-9.829655
20007,1.9982643e-05,-10.820646
20009,1.7603172e-10,-22.460356
20011,5.787129e-06,-12.059875
20013,5.6242134e-06,-12.088429
20015,1.1477603e-06,-13.677698
20017,1.4787675e-05,-11.1217165
20019,2.1808391e-05,-10.733215
20021,2.0975545e-05,-10.772153
20023,6.502968e-28,-36.841362
20025,5.08806e-07,-14.4911995
20027,2.775082e-33,-36.841362
20029,0.0,-36.841362
20031,2.421538e-24,-36.841362
20033,1.4219909e-05,-11.160868
20035,1.404933e-06,-13.475521
20037,1.7558536e-05,-10.94997
20039,1.3156832e-05,-11.238569
20041,9.681104e-15,-32.258324
20043,1.5682026e-05,-11.062995
20045,5.353131e-05,-9.835244
20047,2.3144266e-06,-12.976349
20049,2.8734346e-05,-10.4574175
20051,5.382213e-06,-12.132411
20053,0.0,-36.841362
20055,3.2366188e-05,-10.338396
20057,2.7991395e-05,-10.483613
20059,0.0,-36.841362
20061,8.208141e-05,-9.407799
20063,4.808028e-07,-14.547809
20065,0.0,-36.841362
20067,1.4013648e-09,-20.385818
20069,0.0,-36.841362
20071,0.0,-36.841362
20073,5.608999e-08,-16.696308
20075,3.9492417e-26,-36.841362
20077,4.0880748e-13,-28.525288
20079,2.7102868e-05,-10.515871
20081,4.010388e-05,-10.124038
20083,0.0,-36.841362
20085,2.5468697e-11,-24.393568
20087,2.3448227e-18,-36.818184
20089,2.530869e-19,-36.838833
20091,6.005308e-06,-12.022867
20093,3.414455e-22,-36.84136
20095,2.3787704e-14,-31.365412
20097,0.0,-36.841362
20099,1.7161727e-05,-10.972829
20101,3.9705688e-09,-19.344357
20103,5.8584824e-06,-12.04762
20105,5.2959517e-06,-12.148568
20107,3.0318124e-05,-10.403765
20109,2.437763e-18,-36.817276
20111,5.8089277e-05,-9.75353
20113,7.123053e-06,-11.852174
20115,1.5658251e-16,-35.899082
20117,1.0895207e-06,-13.729773
20119,0.0,-36.841362
20121,3.1801442e-06,-12.658584
20123,0.0,-36.841362
20125,1.0726313e-06,-13.745396
20127,5.0861445e-06,-12.188991
20129,7.255605e-11,-23.34666
20131,9.1695265e-06,-11.599625
20133,1.7496641e-06,-13.256086
20135,1.2575978e-05,-11.283722
20137,2.0587335e-15,-33.769257
20139,2.0721013e-06,-13.086947
20141,7.791472e-06,-11.762481
20143,0.0,-36.841362
20145,5.058909e-12,-26.00985
20147,7.28541e-07,-14.132222
20149,1.3031273e-09,-20.458498
20151,3.735828e-06,-12.497541
20153,1.3385661e-14,-31.93715
20155,1.7381159e-10,-22.47305
20157,0.0,-36.841362
20159,1.0155927e-09,-20.707794
20161,7.942878e-05,-9.44065
20163,7.063451e-23,-36.841362
20165,3.4352583e-05,-10.278833
20167,6.773295e-06,-11.902523
20169,2.7887902e-06,-12.789903
20171,1.0987719e-05,-11.418733
20173,3.9804745e-06,-12.43411
20175,6.885441e-05,-9.583516
20177,3.7249665e-05,-10.197867
20179,1.388736e-06,-13.487117
20181,1.2222181e-05,-11.312258
20183,1.2337112e-05,-11.302898
20185,1.1309707e-05,-11.38985
20187,4.8556143e-05,-9.93279
20189,4.1563157e-20,-36.840946
20191,1.2982317e-06,-13.554507
20193,2.5558543e-24,-36.841362
20195,3.507216e-05,-10.258103
20197,3.071152e-06,-12.693458
20199,3.6720334e-16,-35.299767
20201,0.0,-36.841362
20203,1.5502039e-09,-20.28488
20205,3.9108377e-06,-12.451759
20207,4.601056e-05,-9.98664
20209,5.3183685e-06,-12.144344
21001,0.0,-36.841362
21003,4.127161e-06,-12.397921
21005,2.8724013e-08,-17.365532
21007,0.0001463085,-8.829793
21009,2.1734677e-06,-13.0391865
21011,0.00027801178,-8.187847
21013,3.073789e-05,-10.390015
21015,3.9361746e-07,-14.747887
21017,1.748289e-06,-13.256873
21019,3.303636e-05,-10.317902
21021,1.4543422e-05,-11.138371
21023,3.0016128e-05,-10.413775
21025,0.00023196253,-8.368935
21027,1.2496378e-05,-11.2900715
21029,6.9327335e-09,-18.787012
21031,3.705762e-06,-12.505622
21033,1.7371793e-05,-10.960663
21035,3.7674713e-06,-12.489106
21037,9.6682525e-06,-11.546663
21039,0.00016925303,-8.684115
21041,0.00017090331,-8.674413
21043,9.614258e-05,-9.249679
21045,0.0,-36.841362
21047,4.7169533e-06,-12.264347
21049,2.7447343e-06,-12.805826
21051,8.528461e-06,-11.672102
21053,4.0875043e-06,-12.407576
21055,5.3862117e-05,-9.829083
21057,3.95801e-06,-12.439769
21059,1.8538023e-08,-17.803442
21061,1.1794002e-05,-11.347919
21063,0.0007847146,-7.1501904
21065,3.624458e-06,-12.527806
21067,2.6324386e-05,-10.545015
21069,3.18199e-05,-10.355418
21071,8.494124e-05,-9.37355
21073,0.00014817718,-8.8171015
21075,0.00029682866,-8.122355
21077,0.00014402892,-8.845496
21079,2.105533e-06,-13.070942
21081,1.4653919e-05,-11.130803
21083,2.1491498e-05,-10.747853
21085,2.3013686e-06,-12.982007
21087,1.6846636e-08,-17.899115
21089,4.6996636e-05,-9.965435
21091,0.00016268011,-8.723725
21093,6.5400213e-06,-11.937571
21095,4.059294e-05,-10.111917
21097,7.4460995e-06,-11.80782
21099,1.566556e-05,-11.064046
21101,2.6026713e-05,-10.556387
21103,5.2621585e-06,-12.154969
21105,0.00021747337,-8.4334345
21107,7.0985216e-06,-11.855624
21109,1.2307858e-07,-15.910443
21111,1.3506872e-05,-11.212312
21113,2.8855216e-06,-12.755805
21115,2.8342032e-05,-10.471165
21117,4.747854e-06,-12.257818
21119,0.00020097717,-8.51232
21121,1.5565713e-05,-11.07044
21123,5.318909e-06,-12.144242
21125,1.2991924e-06,-13.553768
21127,6.408544e-05,-9.655293
21129,1.879231e-05,-10.882063
21131,1.7591774e-05,-10.948079
21133,6.9199064e-05,-9.578524
21135,2.5826603e-05,-10.564106
21137,1.0406308e-05,-11.473099
21139,0.000120874356,-9.020759
21141,3.5633327e-06,-12.544814
21143,0.00013978659,-8.875394
21145,7.164157e-06,-11.84642
21147,2.2980585e-05,-10.6808605
21149,0.000113128364,-9.0869875
21151,3.577838e-06,-12.540751
21153,0.00016533629,-8.707529
21155,0.00011319986,-9.086355
21157,2.4315725e-05,-10.624388
21159,5.513252e-05,-9.805771
21161,4.2094615e-07,-14.680761
21163,7.3711158e-06,-11.817942
21165,0.00046289168,-7.6780176
21167,5.8124524e-06,-12.055508
21169,3.313148e-05,-10.315026
21171,4.6208456e-06,-12.284933
21173,3.4933277e-05,-10.262071
21175,0.00013838778,-8.88545
21177,0.00010024785,-9.207865
21179,4.4111215e-07,-14.633966
21181,7.861216e-05,-9.450984
21183,2.3058428e-05,-10.677479
21185,1.3019561e-05,-11.249058
21187,2.1181564e-05,-10.76238
21189,1.1029262e-05,-11.414959
21191,3.0920866e-05,-10.384079
21193,6.4994434e-05,-9.641209
21195,3.5275618e-05,-10.252318
21197,0.000115618124,-9.065218
21199,2.0111848e-08,-17.721956
21201,0.00029966823,-8.112835
21203,1.8901552e-07,-15.481437
21205,8.5894724e-05,-9.362389
21207,1.5197847e-06,-13.396942
21209,3.1935454e-06,-12.654379
21211,3.191568e-06,-12.654998
21213,1.4895087e-05,-11.114479
21215,1.13842496e-07,-15.98845
21217,0.0,-36.841362
21219,7.453938e-06,-11.806768
21221,5.048237e-06,-12.196471
21223,6.782225e-05,-9.59862
21225,9.969409e-05,-9.213405
21227,9.361355e-06,-11.57892
21229,0.0,-36.841362
21231,1.6631413e-05,-11.004217
21233,0.000116217016,-9.060051
21235,7.4350687e-06,-11.809302
21237,0.00049850886,-7.603889
21239,5.5653505e-05,-9.796366
22001,5.441688e-06,-12.121422
22003,4.5770845e-05,-9.991863
22005,5.634651e-06,-12.0865755
22007,0.00015036842,-8.802423
22009,2.5766509e-05,-10.566435
22011,4.002872e-06,-12.428498
22013,0.00016797027,-8.691724
22015,1.4878187e-06,-13.4182
22017,4.182433e-05,-10.082032
22019,6.3141542e-06,-11.972716
22021,1.5046298e-05,-11.104379
22023,5.8845668e-05,-9.740592
22025,6.372809e-06,-11.96347
22027,9.334001e-05,-9.279262
22029,2.2843316e-05,-10.686852
22031,3.0004438e-05,-10.4141655
22033,1.6493555e-05,-11.012541
22035,0.001009859,-6.8979445
22037,7.961828e-05,-9.438267
22039,1.5218648e-05,-11.092989
22041,1.7703568e-14,-31.659378
22043,5.769458e-06,-12.062932
22045,3.835004e-06,-12.47134
22047,0.00068690395,-7.283316
22049,4.5441743e-06,-12.301664
22051,5.4628895e-06,-12.117533
22053,1.720758e-05,-10.9701605
22055,1.5390343e-06,-13.384356
22057,6.678403e-06,-11.916632
22059,4.071102e-06,-12.411597
22061,1.321566e-05,-11.234108
22063,1.1810669e-06,-13.649093
22065,0.0010127674,-6.8950686
22067,8.7288674e-05,-9.34629
22069,6.2186904e-05,-9.685366
22071,1.4535794e-06,-13.441482
22073,4.6982e-06,-12.268332
22075,1.3739106e-05,-11.195265
22077,0.00015301762,-8.784958
22079,2.3580303e-06,-12.957684
22081,0.00023220122,-8.367907
22083,1.8461167e-06,-13.202426
22085,8.651903e-06,-11.657731
22087,1.895656e-05,-10.873361
22089,7.948966e-06,-11.742469
22091,0.001013745,-6.894104
22093,0.0006337764,-7.3638144
22095,0.00017817625,-8.632737
22097,3.9637504e-05,-10.135735
22099,2.5798752e-05,-10.565185
22101,6.512645e-06,-11.941765
22103,6.89519e-07,-14.187271
22105,5.655533e-06,-12.082876
22107,0.0025524416,-5.970705
22109,2.208525e-06,-13.023186
22111,6.385952e-06,-11.96141
22113,9.146724e-06,-11.602115
22115,3.7964799e-06,-12.481437
22117,1.0759738e-05,-11.439699
22119,4.6204677e-06,-12.285015
22121,0.00012308682,-9.002621
22123,1.4627855e-05,-11.132583
22125,3.6550227e-05,-10.216824
22127,6.288836e-06,-11.976734
23001,0.00028401377,-8.166488
23003,7.086807e-05,-9.55469
23005,1.7761375e-05,-10.938484
23007,0.0007245524,-7.2299566
23009,0.00023183932,-8.369466
23011,0.00029579192,-8.1258545
23013,0.00021179934,-8.459871
23015,0.00027867348,-8.18547
23017,0.00022530218,-8.398068
23019,2.1132239e-05,-10.76471
23021,2.7064325e-05,-10.517294
23023,0.00032122794,-8.04336
23025,6.641833e-05,-9.619537
23027,0.00035380723,-7.9467583
23029,5.133708e-05,-9.877097
23031,6.741542e-05,-9.604637
24001,1.1692254e-06,-13.659169
24003,1.0879869e-05,-11.4285965
24005,1.1615838e-05,-11.363141
24009,2.0470046e-05,-10.796548
24011,1.0462744e-06,-13.770275
24013,2.805267e-06,-12.784012
24015,4.183021e-07,-14.687062
24017,3.849537e-05,-10.164972
24019,7.256694e-05,-9.531001
24021,2.129254e-05,-10.7571535
24023,0.0,-36.841362
24025,3.9222564e-06,-12.448844
24027,1.7633818e-05,-10.945692
24029,0.0003112204,-8.075009
24031,2.4736657e-06,-12.909809
24033,6.8803485e-07,-14.189426
24035,8.738707e-06,-11.647748
24037,9.853461e-06,-11.527688
24039,0.000119146316,-9.035158
24041,8.083625e-05,-9.423085
24043,4.2316933e-06,-12.372909
24045,4.7075653e-05,-9.963755
24047,1.1395792e-05,-11.382266
24510,3.380459e-07,-14.9000845
25001,3.8776096e-05,-10.157706
25003,2.9207695e-06,-12.743664
25005,1.238011e-05,-11.299419
25007,4.322795e-05,-10.049024
25009,1.0453857e-05,-11.468539
25011,1.7234652e-05,-10.968589
25013,1.1331202e-05,-11.387951
25015,7.0470273e-06,-11.862905
25017,2.496698e-06,-12.900541
25019,0.00030664293,-8.089827
25021,8.420878e-06,-11.684796
25023,2.279741e-05,-10.688864
25025,1.1397572e-06,-13.684695
25027,1.7258975e-05,-10.967178
26001,6.232043e-05,-9.683221
26003,0.000112464535,-9.092873
26005,4.2185784e-06,-12.376013
26007,7.549687e-05,-9.49142
26009,8.139764e-06,-11.718749
26011,0.00020497426,-8.492626
26013,2.43754e-05,-10.621936
26015,4.3631044e-07,-14.644912
26017,0.0001097113,-9.117659
26019,0.00014278649,-8.85416
26021,2.5355665e-05,-10.582508
26023,9.864818e-06,-11.526536
26025,6.8300765e-06,-11.894175
26027,1.175197e-05,-11.35149
26029,2.6459693e-05,-10.539888
26031,6.3262064e-06,-11.97081
26033,2.5225568e-06,-12.890238
26035,0.00011149432,-9.101537
26037,4.3609933e-05,-10.040226
26039,2.2991773e-05,-10.680374
26041,3.1495932e-05,-10.365652
26043,1.0491444e-05,-11.464951
26045,6.423214e-05,-9.653007
26047,4.9594186e-05,-9.911637
26049,3.8052863e-06,-12.479119
26051,9.0802685e-05,-9.306822
26053,0.0005504668,-7.504744
26055,3.196529e-05,-10.35086
26057,2.6438074e-05,-10.540706
26059,8.518958e-06,-11.673217
26061,3.4956833e-05,-10.261396
26063,2.4822868e-05,-10.603745
26065,2.150264e-05,-10.7473345
26067,1.6023766e-06,-13.344023
26069,8.003416e-05,-9.433057
26071,0.00011861163,-9.039656
26073,0.0003469483,-7.966335
26075,1.0563094e-06,-13.76073
26077,4.0850246e-05,-10.1055975
26079,2.100465e-05,-10.770767
26081,6.720557e-06,-11.910339
26083,0.00045797526,-7.6886954
26085,0.0006991789,-7.265604
26087,7.482271e-06,-11.802975
26089,0.00017307576,-8.661781
26091,3.2951625e-06,-12.623055
26093,1.3603346e-06,-13.50778
26095,2.8765253e-05,-10.456343
26097,2.8612524e-08,-17.369421
26099,1.1821805e-06,-13.6481495
26101,0.00012423845,-8.993308
26103,0.00031251562,-8.070856
26105,2.5829595e-05,-10.56399
26107,7.2817716e-06,-11.830136
26109,9.6307704e-05,-9.247962
26111,1.1256181e-05,-11.394593
26113,4.688489e-06,-12.2704
26115,1.3776214e-05,-11.192567
26117,1.8958006e-05,-10.873284
26119,6.9447466e-05,-9.57494
26121,0.00014731602,-8.82293
26123,8.06759e-06,-11.727655
26125,8.348152e-06,-11.69347
26127,2.1380463e-05,-10.753033
26129,0.00015591021,-8.766231
26131,0.0001606098,-8.736533
26133,2.2836659e-05,-10.687143
26135,7.2839786e-05,-9.527248
26137,2.3776736e-06,-12.9493885
26139,2.766818e-06,-12.797812
26141,5.51086e-05,-9.806205
26143,7.950182e-05,-9.439731
26145,0.00019387512,-8.548296
26147,8.609014e-06,-11.662701
26149,6.704989e-06,-11.912659
26151,7.745755e-06,-11.768366
26153,0.00023783726,-8.343924
26155,2.432198e-05,-10.62413
26157,2.7291715e-05,-10.508927
26159,2.1199025e-05,-10.761556
26161,8.199e-06,-11.711498
26163,1.5756946e-07,-15.6634
26165,1.1276913e-05,-11.392753
27001,0.00011645857,-9.057975
27003,1.33810345e-05,-11.221672
27005,4.472348e-06,-12.317597
27007,0.00022629958,-8.393651
27009,1.7962257e-05,-10.9272375
27011,0.00052095635,-7.5598445
27013,0.00021728022,-8.434322
27015,9.404016e-08,-16.179544
27017,0.00030410674,-8.098132
27019,2.0005938e-05,-10.819482
27021,4.6530124e-07,-14.580581
27023,0.0003341995,-8.003773
27025,5.4043476e-06,-12.128307
27027,0.00019678424,-8.533402
27029,0.000104061925,-9.170525
27031,0.001016197,-6.891688
27033,4.6884295e-05,-9.967828
27035,4.3869736e-08,-16.942041
27037,1.7748736e-05,-10.939197
27039,1.1504443e-05,-11.372777
27041,5.5030896e-06,-12.110201
27043,5.6265682e-05,-9.785426
27045,0.0001991307,-8.521549
27047,0.0003751279,-7.8882437
27049,5.080983e-06,-12.190006
27051,0.00033326657,-8.006568
27053,3.929363e-06,-12.447033
27055,0.00013317302,-8.9238615
27057,6.603062e-06,-11.927978
27059,9.242029e-06,-11.591749
27061,0.00020982765,-8.469224
27063,0.00014183258,-8.860863
27065,3.666446e-05,-10.213703
27067,5.1664995e-07,-14.475901
27069,0.0010516073,-6.8574357
27071,0.00038001663,-7.8752956
27073,0.0006447353,-7.3466706
27075,0.0011658553,-6.7543
27077,8.320381e-05,-9.3942175
27079,2.5140429e-05,-10.591033
27081,0.00040683497,-7.807103
27083,1.1130119e-05,-11.405856
27085,2.516003e-09,-19.800594
27087,0.0034244694,-5.676809
27089,0.00013042346,-8.944724
27091,1.1022504e-05,-11.415571
27093,4.1540385e-05,-10.088844
27095,4.10035e-05,-10.101853
27097,1.7406848e-05,-10.958647
27099,0.00038473276,-7.862962
27101,0.00017189556,-8.668624
27103,0.00033461966,-8.002516
27105,2.7027087e-05,-10.518671
27107,0.0011391131,-6.7775054
27109,4.6189747e-05,-9.982753
27111,4.224391e-13,-28.492495
27113,6.884908e-05,-9.583593
27115,0.00011988017,-9.029018
27117,5.7622387e-05,-9.7616
27119,2.7770298e-05,-10.491544
27121,0.00015174574,-8.793304
27123,6.3793354e-06,-11.962446
27125,0.0004604154,-7.6833816
27127,1.2995128e-05,-11.2509365
27129,0.00010064936,-9.203868
27131,0.00031152074,-8.074044
27133,7.03794e-06,-11.864195
27135,1.1026588e-05,-11.415201
27137,1.7237764e-06,-13.270993
27139,1.2442175e-05,-11.294418
27141,1.595689e-15,-34.01069
27143,2.916939e-06,-12.744976
27145,2.218515e-08,-17.623842
27147,4.02865e-06,-12.422079
27149,0.000116453,-9.0580225
27151,0.0007356822,-7.214712
27153,4.3082393e-05,-10.052396
27155,0.0007204686,-7.2356086
27157,2.2876186e-05,-10.685414
27159,1.17446525e-05,-11.352113
27161,1.3842849e-05,-11.187742
27163,2.9423405e-05,-10.433721
27165,1.8967647e-05,-10.872776
27167,2.506351e-05,-10.594097
27169,0.00041270425,-7.7927794
27171,2.0044325e-13,-29.237747
27173,0.00027372438,-8.203389
28001,0.00040105786,-7.821405
28003,1.6058038e-05,-11.039301
28005,1.34942e-05,-11.21325
28007,7.0442635e-05,-9.560712
28009,0.00072005903,-7.2361774
28011,8.680493e-05,-9.351847
28013,1.035518e-24,-36.841362
28015,4.1852986e-06,-12.383932
28017,0.0004209198,-7.7730684
28019,4.0571666e-07,-14.71761
28021,2.1554308e-05,-10.744935
28023,9.591947e-06,-11.554586
28025,0.0005510822,-7.503627
28027,0.00012402875,-8.994997
28029,0.00031371412,-8.067028
28031,2.5294534e-05,-10.584922
28033,4.734255e-06,-12.260686
28035,4.265675e-05,-10.0623255
28037,3.9514794e-05,-10.138836
28039,5.1236543e-06,-12.181643
28041,1.2894026e-05,-11.258746
28043,9.99971e-05,-9.210369
28045,2.3523844e-06,-12.960081
28047,3.0564258e-06,-12.698264
28049,1.7967652e-05,-10.926938
28051,3.2600135e-05,-10.331194
28053,0.00028560185,-8.160912
28055,0.008045363,-4.8226595
28057,1.9585168e-05,-10.840738
28059,1.3212924e-06,-13.5369005
28061,0.0006896428,-7.279337
28063,1.6977609e-05,-10.983615
28065,0.0007015107,-7.2622743
28067,7.1979935e-07,-14.144294
28069,0.0007633456,-7.1777997
28071,4.80992e-05,-9.9422455
28073,2.2272507e-06,-13.014743
28075,2.413519e-05,-10.63184
28077,2.613697e-05,-10.55216
28079,0.0001092164,-9.122179
28081,2.4908027e-06,-12.902905
28083,0.00013724605,-8.893735
28085,2.581139e-06,-12.86728
28087,9.13221e-05,-9.301118
28089,1.954635e-05,-10.842722
28091,6.825496e-06,-11.894846
28093,0.00047914346,-7.6435103
28095,1.3171509e-06,-13.54004
28097,0.00016117464,-8.733022
28099,2.632251e-06,-12.8476715
28101,1.477605e-05,-11.122503
28103,6.714277e-05,-9.608689
28105,0.00018729357,-8.582833
28107,0.0003393513,-7.988475
28109,1.4956468e-06,-13.412951
28111,0.0,-36.841362
28113,0.00025500645,-8.274221
28115,2.7005234e-07,-15.12465
28117,8.249215e-06,-11.705393
28119,0.00046107153,-7.6819572
28121,9.450049e-07,-13.872076
28123,8.438918e-05,-9.380072
28125,0.00070286094,-7.2603517
28127,1.6841823e-05,-10.991646
28129,3.9009925e-13,-28.572119
28131,3.341013e-20,-36.841026
28133,0.00012861127,-8.958716
28135,0.0010575148,-6.851834
28137,4.5745483e-06,-12.295003
28139,4.6065766e-06,-12.288026
28141,3.5309804e-05,-10.25135
28143,0.0001990633,-8.521888
28145,6.0074008e-06,-12.022518
28147,8.1272185e-05,-9.4177065
28149,0.00011155856,-9.100961
28151,9.9017154e-05,-9.220218
28153,1.959153e-05,-10.840413
28155,5.3721133e-06,-12.134289
28157,0.00024224159,-8.325575
28159,0.00013064854,-8.943
28161,0.00022561736,-8.39667
28163,0.00040873492,-7.8024435
29001,1.4835278e-05,-11.118503
29003,1.3374306e-05,-11.222176
29005,2.9548666e-05,-10.429472
29007,3.155127e-05,-10.363896
29009,1.2938502e-06,-13.557888
29011,6.0641573e-06,-12.013115
29013,6.322704e-05,-9.668778
29015,3.4362733e-05,-10.278538
29017,2.8083583e-05,-10.480326
29019,6.1987965e-05,-9.68857
29021,1.1488263e-05,-11.374185
29023,1.7916365e-06,-13.232381
29025,8.1378654e-05,-9.416397
29027,7.953365e-06,-11.741916
29029,2.5080906e-06,-12.895988
29031,1.4448004e-06,-13.447539
29033,3.1969426e-05,-10.350731
29035,9.6620905e-05,-9.244716
29037,8.4343526e-07,-13.985783
29039,2.4153223e-05,-10.631093
29041,0.00011134106,-9.102913
29043,1.0319552e-09,-20.69181
29045,0.00034030087,-7.9856806
29047,1.3902248e-05,-11.18346
29049,6.794574e-05,-9.596801
29051,6.9381866e-07,-14.181055
29053,2.2424425e-07,-15.31053
29055,3.53619e-05,-10.249876
29057,7.5823723e-06,-11.789684
29059,2.6354432e-05,-10.543874
29061,7.99982e-05,-9.433506
29063,6.1692466e-05,-9.693349
29065,1.3437807e-05,-11.217439
29067,1.5177975e-05,-11.095665
29069,5.214259e-05,-9.861528
29071,3.37265e-06,-12.599812
29073,1.9555408e-05,-10.842258
29075,9.400531e-05,-9.27216
29077,1.087243e-06,-13.731865
29079,1.4923138e-05,-11.112597
29081,3.3227192e-05,-10.312142
29083,4.9931405e-05,-9.9048605
29085,0.00015341512,-8.782363
29087,6.244467e-05,-9.68123
29089,6.399357e-05,-9.656728
29091,4.7403696e-06,-12.259396
29093,0.00032256925,-8.039193
29095,1.5952797e-05,-11.0458765
29097,1.7656419e-07,-15.549582
29099,1.4274165e-05,-11.15706
29101,2.03749e-06,-13.103792
29103,0.00014730162,-8.823029
29105,6.7648134e-06,-11.903776
29107,1.764859e-05,-10.944855
29109,2.5973832e-06,-12.861006
29111,8.943052e-05,-9.322048
29113,2.2553106e-05,-10.699637
29115,0.000116544514,-9.057238
29117,3.592147e-05,-10.234176
29119,5.536165e-06,-12.104209
29121,3.23778e-05,-10.3380375
29123,0.00010479797,-9.163476
29125,5.6371024e-05,-9.783555
29127,1.3331957e-05,-11.225347
29129,7.833759e-05,-9.454483
29131,1.0867358e-05,-11.429747
29133,0.00016119741,-8.732881
29135,1.0328571e-05,-11.480597
29137,0.000121369696,-9.016669
29139,4.2763117e-05,-10.0598345
29141,2.8795732e-05,-10.455283
29143,0.00011205381,-9.096532
29145,6.81038e-23,-36.841362
29147,1.7633603e-05,-10.945704
29149,8.036894e-05,-9.428883
29151,5.851594e-06,-12.048797
29153,5.274413e-05,-9.850059
29155,0.00018129653,-8.615376
29157,9.146835e-06,-11.602102
29159,3.4476773e-06,-12.57781
29161,2.6295967e-07,-15.151265
29163,0.00011928437,-9.034
29165,2.8688553e-05,-10.459012
29167,3.946123e-06,-12.442777
29169,2.7555088e-06,-12.8019085
29171,4.5779638e-05,-9.991672
29173,8.294189e-05,-9.39737
29175,2.9170013e-05,-10.442369
29177,0.0001175305,-9.048813
29179,0.00025019923,-8.293253
29181,4.6168647e-05,-9.98321
29183,1.841807e-06,-13.204763
29185,5.435618e-05,-9.819952
29186,0.0002643835,-8.23811
29187,4.310349e-05,-10.051907
29189,9.505587e-06,-11.563631
29195,7.315202e-05,-9.522971
29197,0.0003023369,-8.103969
29199,0.00013993998,-8.874297
29201,1.4308459e-05,-11.154659
29203,0.00011777116,-9.046767
29205,7.9636535e-05,-9.438038
29207,1.2828294e-05,-11.263858
29209,5.524794e-06,-12.106265
29211,0.00014802867,-8.818105
29213,2.242357e-06,-13.007983
29215,2.4742982e-05,-10.606969
29217,2.7691074e-05,-10.4944
29219,1.9012643e-05,-10.870406
29221,0.00014621411,-8.830439
29223,7.729355e-05,-9.4679
29225,3.642729e-06,-12.522778
29227,0.00030919455,-8.08154
29229,7.3904594e-06,-11.815321
29510,4.896581e-07,-14.529558
30001,3.596913e-05,-10.232849
30003,0.0012691016,-6.669446
30005,0.0019503281,-6.2397575
30007,1.5333511e-07,-15.69064
30009,3.5124904e-05,-10.2566
30011,1.076951e-24,-36.841362
30013,1.2057532e-05,-11.325821
30015,7.499985e-05,-9.498024
30017,6.5484387e-06,-11.936284
30019,2.8610762e-05,-10.461728
30021,3.0249346e-05,-10.406036
30023,0.00047161998,-7.659337
30025,1.9945323e-06,-13.125101
30027,2.435943e-10,-22.135517
30029,4.6368377e-06,-12.281478
30031,4.9285445e-05,-9.917882
30033,4.7938272e-05,-9.945597
30035,0.0004258443,-7.761437
30037,3.4610268e-05,-10.27136
30039,0.00014207799,-8.859135
30041,0.0002964575,-8.123607
30043,1.7920189e-05,-10.929583
30045,3.8871778e-05,-10.155242
30047,6.7200075e-05,-9.607836
30049,7.462246e-05,-9.503069
30051,9.2566515e-05,-9.287583
30053,2.0382038e-06,-13.103441
30055,7.831777e-05,-9.454736
30057,2.8821052e-05,-10.454405
30059,2.4186538e-05,-10.629714
30061,0.00012611599,-8.978309
30063,6.6199034e-05,-9.622845
30065,6.745431e-06,-11.906645
30067,0.00016524016,-8.708111
30069,0.00021545828,-8.442743
30071,4.776919e-07,-14.5543
30073,4.6160047e-05,-9.983396
30075,2.419896e-37,-36.841362
30077,8.810309e-06,-11.639588
30079,1.5157304e-05,-11.097028
30081,4.25599e-06,-12.367183
30083,2.5527538e-06,-12.878338
30085,0.003565843,-5.636355
30087,0.00014163837,-8.862233
30089,1.1089992e-06,-13.712052
30091,0.00016506444,-8.709175
30093,0.00015522569,-8.770631
30095,5.0778475e-08,-16.795794
30097,5.1112515e-06,-12.184067
30099,2.4977355e-05,-10.597541
30101,1.0563048e-05,-11.458149
30103,9.071822e-05,-9.307753
30105,6.0412283e-05,-9.714318
30107,0.0,-36.841362
30109,0.00017748825,-8.636606
30111,4.2151178e-06,-12.376833
31001,8.053479e-07,-14.031992
31003,4.3526973e-07,-14.6473
31005,7.202467e-09,-18.748842
31007,1.2924508e-12,-27.374403
31009,0.0,-36.841362
31011,3.896311e-33,-36.841362
31013,2.5593356e-05,-10.573177
31015,8.946083e-06,-11.624295
31017,0.0,-36.841362
31019,4.628012e-06,-12.283383
31021,4.2835854e-06,-12.360721
31023,9.0078856e-07,-13.919995
31025,1.2949887e-07,-15.859593
31027,1.8792023e-05,-10.882078
31029,1.2557386e-05,-11.285202
31031,0.0,-36.841362
31033,6.4848086e-06,-11.946049
31035,0.0,-36.841362
31037,3.3220374e-05,-10.312347
31039,8.986432e-06,-11.619795
31041,1.2908384e-32,-36.841362
31043,3.278072e-05,-10.32567
31045,1.496587e-05,-11.109738
31047,1.1864193e-05,-11.341986
31049,2.66617e-05,-10.532283
31051,1.9891471e-05,-10.825219
31053,5.1473935e-06,-12.17702
31055,1.3039286e-05,-11.247543
31057,1.7522604e-14,-31.669594
31059,1.6065337e-20,-36.8412
31061,1.2552013e-07,-15.8907995
31063,5.47915e-06,-12.114561
31065,0.0,-36.841362
31067,9.183151e-06,-11.598141
31069,1.1515861e-05,-11.371785
31071,2.0769408e-05,-10.782029
31073,0.0,-36.841362
31075,4.3017894e-12,-26.171967
31077,0.00013019104,-8.946507
31079,1.936825e-06,-13.154461
31081,2.2492804e-06,-13.0049
31083,8.829645e-18,-36.75675
31085,3.601778e-05,-10.231498
31087,2.4420753e-05,-10.620077
31089,5.295361e-06,-12.14868
31091,0.0,-36.841362
31093,4.049957e-05,-10.11422
31095,5.5647615e-07,-14.401642
31097,3.5407626e-05,-10.248584
31099,1.3061756e-21,-36.841347
31101,8.7915225e-07,-13.944307
31103,6.232243e-05,-9.683189
31105,4.816275e-11,-23.756433
31107,4.5593246e-10,-21.508677
31109,2.3942901e-05,-10.639839
31111,2.815766e-06,-12.780276
31113,3.5927093e-05,-10.234019
31115,4.4923004e-33,-36.841362
31117,0.00015091152,-8.798817
31119,1.6585081e-12,-27.125042
31121,6.6498313e-07,-14.223504
31123,0.0,-36.841362
31125,2.0713283e-05,-10.784736
31127,7.013319e-06,-11.8677
31129,4.9308137e-06,-12.220007
31131,1.3920065e-05,-11.182179
31133,5.197779e-05,-9.864694
31135,0.0,-36.841362
31137,1.1725144e-11,-25.169277
31139,5.6715908e-06,-12.080041
31141,2.911278e-07,-15.049503
31143,0.0,-36.841362
31145,1.6094627e-09,-20.247366
31147,1.5478385e-05,-11.076066
31149,3.4295277e-20,-36.84102
31151,8.4470856e-05,-9.379104
31153,1.0467451e-05,-11.46724
31155,0.0,-36.841362
31157,8.4698083e-23,-36.841362
31159,1.4724662e-27,-36.841362
31161,0.0,-36.841362
31163,7.467643e-05,-9.502346
31165,3.228131e-38,-36.841362
31167,3.4437572e-12,-26.394428
31169,4.99587e-21,-36.841312
31171,3.4293124e-26,-36.841362
31173,0.0024262764,-6.0213976
31175,1.040635e-05,-11.473094
31177,1.9835152e-06,-13.13064
31179,6.8179324e-06,-11.895954
31181,1.0730622e-05,-11.4424095
31183,4.9910686e-05,-9.905275
31185,5.3110824e-07,-14.4483
32001,3.0003823e-06,-12.716771
32003,1.0733031e-05,-11.442184
32005,2.9460382e-06,-12.735049
32007,1.2131459e-06,-13.622293
32009,2.0097092e-07,-15.420106
32011,4.608812e-05,-9.984956
32013,2.7103486e-06,-12.818434
32015,3.1298865e-07,-14.977098
32017,5.8191387e-18,-36.7848
32019,0.0,-36.841362
32021,2.1870286e-05,-10.730382
32023,2.605904e-06,-12.857731
32027,3.4337227e-05,-10.279281
32029,6.0608614e-05,-9.711074
32031,2.3903824e-05,-10.641472
32033,5.997123e-06,-12.024231
32510,5.3433276e-05,-9.837077
33001,3.2039712e-05,-10.348535
33003,0.00011279904,-9.089903
33005,9.278233e-05,-9.2852545
33007,0.00039784118,-7.8294578
33009,8.447865e-05,-9.379012
33011,1.9627158e-05,-10.838596
33013,8.718158e-05,-9.347518
33015,1.6978734e-05,-10.983549
33017,0.00012214339,-9.010315
33019,0.00039732215,-7.8307633
34001,8.201627e-05,-9.408593
34003,1.3746189e-05,-11.194749
34005,2.6510019e-05,-10.537988
34007,4.5237907e-06,-12.30616
34009,9.515008e-06,-11.56264
34011,0.00014559473,-8.834683
34013,1.4004909e-06,-13.478688
34015,9.401228e-05,-9.272085
34017,2.5527977e-06,-12.878321
34019,1.7342998e-05,-10.962321
34021,1.149103e-05,-11.373944
34023,1.1583026e-05,-11.36597
34025,7.536925e-06,-11.795696
34027,6.9346074e-06,-11.878986
34029,6.6250345e-07,-14.227241
34031,2.3423427e-05,-10.661774
34033,1.8173612e-05,-10.91554
34035,2.540004e-05,-10.58076
34037,3.8420903e-06,-12.469494
34039,9.987594e-06,-11.514167
34041,5.4120865e-06,-12.126876
35001,1.5593101e-05,-11.068682
35003,5.6526724e-06,-12.083383
35005,1.3530793e-07,-15.815713
35006,0.00066321227,-7.3184156
35007,0.00023566699,-8.353091
35009,4.390144e-06,-12.336148
35011,2.3833658e-07,-15.249582
35013,7.440849e-05,-9.50594
35015,2.7611854e-06,-12.79985
35017,0.0007075269,-7.253735
35019,0.0007274006,-7.226033
35021,0.00017441255,-8.654087
35023,0.0010224731,-6.885531
35025,1.4299538e-06,-13.457869
35027,2.7547914e-08,-17.40734
35028,0.0002615706,-8.248806
35029,0.00026434282,-8.238264
35031,3.427825e-05,-10.280999
35033,0.000221698,-8.414194
35035,9.455362e-06,-11.568929
35037,1.0867838e-05,-11.429703
35039,3.632953e-05,-10.222879
35041,4.5356483e-06,-12.303542
35043,9.771165e-05,-9.23349
35045,1.2615671e-06,-13.583156
35047,1.3943486e-05,-11.180498
35049,7.5969406e-06,-11.787765
35051,1.8516988e-05,-10.896822
35053,0.00086650153,-7.051047
35055,1.6783642e-05,-10.995106
35057,9.726814e-06,-11.540625
35059,5.2433665e-17,-36.419804
35061,8.361115e-05,-9.389334
36000,1.5797077e-06,-13.358271
36001,1.2214241e-05,-11.312908
36003,1.0552997e-07,-16.06427
36005,2.1981492e-07,-15.33048
36007,8.3077146e-05,-9.3957405
36009,2.848987e-06,-12.768547
36011,5.9263744e-05,-9.733513
36013,8.8224004e-07,-13.940802
36015,1.3052773e-05,-11.24651
36017,1.3633866e-05,-11.202953
36019,0.00024514855,-8.313646
36021,0.00019938109,-8.520292
36023,0.00024712863,-8.305602
36025,5.076247e-06,-12.190938
36027,4.2575157e-05,-10.0642395
36029,1.64073e-05,-11.017784
36031,0.0002914558,-8.140622
36033,0.0004643709,-7.674827
36035,8.1921025e-06,-11.71234
36037,3.130832e-06,-12.6742115
36039,1.5769263e-05,-11.057448
36041,5.0524195e-05,-9.893058
36043,9.223977e-06,-11.593704
36045,2.3854136e-06,-12.946138
36047,1.791237e-07,-15.53519
36049,2.8650044e-05,-10.460356
36051,1.3366098e-05,-11.222789
36053,6.089629e-05,-9.706338
36055,1.35450855e-05,-11.209487
36057,3.994343e-05,-10.128046
36059,1.2399415e-05,-11.297861
36061,1.2354417e-07,-15.906667
36063,2.4556311e-05,-10.614542
36065,3.8067371e-06,-12.478738
36067,2.3220799e-05,-10.670463
36069,5.0551545e-05,-9.892517
36071,2.6661019e-05,-10.532308
36073,3.390505e-14,-31.012268
36075,2.6551344e-05,-10.53643
36077,8.3189305e-05,-9.394392
36079,2.1379117e-05,-10.753096
36081,3.443006e-07,-14.881751
36083,0.00012182444,-9.01293
36085,1.2741306e-05,-11.270661
36087,5.5828023e-05,-9.793235
36089,0.00023605747,-8.351436
36091,3.6819736e-05,-10.209476
36093,9.5440635e-05,-9.257006
36095,1.6069246e-06,-13.341188
36097,3.611043e-05,-10.228929
36099,0.0001951366,-8.541811
36101,1.0198232e-06,-13.795881
36103,1.0646856e-05,-11.450246
36105,5.291591e-05,-9.846807
36107,2.9782607e-06,-12.724171
36109,2.9318171e-05,-10.437304
36111,6.120375e-05,-9.701303
36113,9.42336e-05,-9.269733
36115,5.373914e-05,-9.831369
36117,1.1117628e-05,-11.406979
36119,6.777384e-06,-11.901919
36121,9.427439e-07,-13.874472
36123,8.15401e-05,-9.414415
37001,1.7770406e-05,-10.937976
37003,9.4679974e-35,-36.841362
37005,4.4482258e-05,-10.02042
37007,0.0005805922,-7.451462
37009,3.3844474e-06,-12.59632
37011,0.0,-36.841362
37013,7.87744e-06,-11.751508
37015,0.00014918493,-8.810324
37017,0.000117417505,-9.049774
37019,2.638634e-06,-12.845249
37021,3.199721e-05,-10.349862
37023,9.635391e-10,-20.760408
37025,9.779746e-06,-11.535197
37027,1.517892e-09,-20.305943
37029,1.0760214e-05,-11.439655
37031,1.8010667e-06,-13.227132
37033,2.3457133e-05,-10.660336
37035,1.1169878e-06,-13.704875
37037,0.0001429432,-8.853064
37039,5.3830313e-06,-12.132259
37041,8.100362e-05,-9.421017
37043,2.87821e-06,-12.758342
37045,8.792324e-07,-13.944217
37047,5.1526175e-05,-9.873421
37049,9.278765e-06,-11.587782
37051,3.687327e-05,-10.208024
37053,4.174978e-06,-12.386401
37055,1.9565694e-05,-10.841733
37057,0.0,-36.841362
37059,7.58225e-09,-18.697456
37061,1.1202739e-05,-11.399352
37063,7.0542337e-06,-11.861882
37065,7.407082e-05,-9.5104885
37067,2.164952e-05,-10.740527
37069,2.9580653e-05,-10.4283905
37071,2.7756146e-06,-12.794639
37073,0.00068732415,-7.2827044
37075,2.0512802e-05,-10.794461
37077,0.00013519691,-8.908778
37079,0.00020591532,-8.488046
37081,1.6098571e-05,-11.03678
37083,0.00012981924,-8.949368
37085,1.1304705e-05,-11.390291
37087,0.0,-36.841362
37089,9.3314275e-06,-11.582123
37091,6.1678365e-05,-9.693578
37093,0.00046908495,-7.6647267
37095,0.00018709026,-8.58392
37097,1.6746018e-06,-13.299935
37099,6.211794e-05,-9.686476
37101,3.6692595e-06,-12.515521
37103,3.9168015e-05,-10.14765
37105,4.5114342e-05,-10.00631
37107,9.804199e-05,-9.230115
37109,7.707171e-07,-14.075945
37111,6.695513e-15,-32.622513
37113,6.580877e-07,-14.233928
37115,8.47737e-06,-11.67811
37117,0.0003484103,-7.9621296
37119,6.806508e-06,-11.897632
37121,2.3695472e-08,-17.557981
37123,3.0036024e-06,-12.715698
37125,2.860378e-06,-12.764557
37127,6.132404e-05,-9.699339
37129,2.3878543e-05,-10.64253
37131,8.9694775e-05,-9.319098
37133,2.6490532e-06,-12.841309
37135,1.50156e-05,-11.1064205
37137,8.511581e-06,-11.674083
37139,0.00059711334,-7.4234037
37141,3.4042482e-06,-12.590487
37143,8.534347e-06,-11.6714115
37145,1.7410992e-05,-10.958409
37147,5.7770758e-05,-9.7590275
37149,2.2324399e-05,-10.70983
37151,0.0,-36.841362
37153,0.00018061581,-8.619139
37155,0.00017989505,-8.6231365
37157,4.1835205e-17,-36.491867
37159,8.8875447e-07,-13.933445
37161,9.284557e-08,-16.192327
37163,5.841511e-06,-12.050521
37165,0.00094372657,-6.965674
37167,0.0,-36.841362
37169,1.3413065e-16,-35.990654
37171,5.94884e-12,-25.847809
37173,2.6545069e-05,-10.536667
37175,3.3239132e-05,-10.311783
37177,0.0005456423,-7.513547
37179,3.869898e-06,-12.462282
37181,0.00020923078,-8.472073
37183,7.478858e-06,-11.803431
37185,5.771243e-05,-9.760038
37187,0.0011544647,-6.7641187
37189,0.000116648815,-9.056343
37191,2.8373894e-05,-10.470041
37193,2.8292365e-07,-15.078089
37195,0.00010997632,-9.115246
37197,0.0,-36.841362
37199,2.286584e-05,-10.685866
38001,2.1107886e-05,-10.765863
38003,6.402916e-05,-9.656172
38005,0.0023790775,-6.0410423
38007,2.2948489e-05,-10.682259
38009,1.2398072e-05,-11.29797
38011,2.2579889e-05,-10.698451
38013,0.0001306509,-8.942982
38015,4.8756937e-07,-14.5338335
38017,3.371898e-05,-10.29745
38019,0.00017842317,-8.631352
38021,1.629694e-05,-11.024533
38023,0.00028071948,-8.178155
38025,7.559923e-05,-9.490065
38027,0.00043463465,-7.741005
38029,4.4106222e-05,-10.02891
38031,0.000111123685,-9.104867
38033,2.0917185e-05,-10.77494
38035,4.499475e-05,-10.008965
38037,5.584989e-05,-9.792843
38039,0.00016670846,-8.699265
38041,3.568742e-05,-10.240712
38043,0.00018851279,-8.5763445
38045,2.6651887e-05,-10.532651
38047,3.8576098e-05,-10.162878
38049,0.000116554016,-9.057156
38051,0.00010039277,-9.20642
38053,4.905319e-05,-9.9226055
38055,2.0350855e-05,-10.802387
38057,1.6127351e-05,-11.034994
38059,7.776621e-06,-11.764389
38061,0.00026199233,-8.247195
38063,0.00033254988,-8.00872
38065,0.0001829685,-8.606196
38067,7.381343e-05,-9.513969
38069,1.6668e-05,-11.00202
38071,7.3847594e-05,-9.513507
38073,0.0011651291,-6.7549233
38075,0.00018970393,-8.570046
38077,4.024422e-05,-10.120544
38079,0.00019375487,-8.548917
38081,0.0011747143,-6.7467303
38083,3.2228032e-05,-10.342674
38085,0.00024779767,-8.302898
38087,0.00010081334,-9.20224
38089,6.053089e-06,-12.014942
38091,0.0022355071,-6.103287
38093,3.2329162e-06,-12.642126
38095,0.0007278389,-7.225431
38097,0.0002134479,-8.452118
38099,4.616546e-05,-9.983278
38101,1.6973682e-06,-13.286431
38103,2.2517204e-05,-10.701231
38105,8.045965e-06,-11.73034
39001,1.6812262e-05,-10.9934025
39003,1.2268829e-07,-15.913619
39005,5.8619803e-10,-21.257362
39007,0.000103128994,-9.17953
39009,6.395107e-05,-9.6573925
39011,2.8357366e-07,-15.075794
39013,6.0566505e-05,-9.711768
39015,1.0432567e-05,-11.470578
39017,2.0844825e-06,-13.08099
39019,5.742116e-05,-9.765098
39021,7.12628e-06,-11.851721
39023,1.0003571e-05,-11.512568
39025,2.6154416e-07,-15.156663
39027,0.0,-36.841362
39029,2.4241594e-05,-10.62744
39031,4.289351e-05,-10.05679
39033,6.3538578e-06,-11.966449
39035,1.1151627e-06,-13.706511
39037,1.6904542e-06,-13.290513
39039,2.9557839e-06,-12.731747
39041,9.915608e-06,-11.5214
39043,0.00013744984,-8.892252
39045,4.221961e-06,-12.375211
39047,1.214821e-05,-11.318329
39049,6.148261e-06,-11.999341
39051,9.112243e-06,-11.605892
39053,1.9146542e-05,-10.863388
39055,4.2875895e-06,-12.359786
39057,2.2824704e-06,-12.9902525
39059,3.9211776e-05,-10.146533
39061,8.286398e-06,-11.700895
39063,3.1741295e-06,-12.660478
39065,1.5183545e-05,-11.095299
39067,0.00014718193,-8.823841
39069,5.8181886e-06,-12.054522
39071,6.75209e-06,-11.905659
39073,8.65881e-05,-9.354348
39075,3.678575e-08,-17.118155
39077,2.086256e-05,-10.7775545
39079,2.6214584e-05,-10.549194
39081,5.4422042e-05,-9.818742
39083,8.247935e-07,-14.008133
39085,3.0403473e-06,-12.703539
39087,2.0517115e-05,-10.794251
39089,7.824415e-07,-14.060846
39091,5.763579e-07,-14.366537
39093,0.0001450302,-8.838569
39095,1.009472e-05,-11.503498
39097,3.778359e-07,-14.788806
39099,3.5155834e-05,-10.25572
39101,7.594403e-06,-11.788099
39103,4.3860064e-07,-14.639677
39105,2.1463828e-05,-10.749142
39107,1.6248432e-06,-13.330099
39109,6.3741084e-07,-14.265851
39111,0.00026623948,-8.231114
39113,1.9899986e-05,-10.824792
39115,0.00011073294,-9.108389
39117,5.548504e-06,-12.101982
39119,1.0809042e-05,-11.435127
39121,8.131008e-05,-9.417241
39123,3.05601e-05,-10.395816
39125,2.421929e-05,-10.628361
39127,8.816056e-05,-9.336351
39129,3.4715727e-06,-12.570903
39131,0.00012427017,-8.9930525
39133,2.3507835e-05,-10.658176
39135,3.639985e-06,-12.523531
39137,4.4335334e-08,-16.931484
39139,1.1325209e-06,-13.691065
39141,1.4534411e-05,-11.138991
39143,3.3218694e-05,-10.312398
39145,3.8817474e-05,-10.15664
39147,1.291563e-05,-11.257072
39149,1.3708343e-06,-13.500092
39151,3.1141228e-06,-12.6795635
39153,3.3741464e-05,-10.296783
39155,6.187496e-05,-9.690395
39157,2.0071915e-05,-10.816189
39159,4.4890667e-06,-12.313866
39161,3.2552776e-07,-14.937819
39163,0.00014577288,-8.833461
39165,1.4054331e-06,-13.475165
39167,7.023557e-06,-11.8662405
39169,4.2382464e-07,-14.673946
39171,1.3112631e-05,-11.241935
39173,4.8673657e-05,-9.930372
39175,1.5302074e-05,-11.0875225
40001,2.8520999e-05,-10.4648695
40003,1.5861714e-07,-15.656773
40005,7.188013e-05,-9.540511
40007,0.0,-36.841362
40009,1.2040046e-05,-11.327272
40011,1.6619088e-05,-11.004959
40013,2.5917965e-05,-10.560575
40015,3.4368193e-05,-10.278379
40017,9.558898e-07,-13.860623
40019,5.0674203e-06,-12.192678
40021,4.818548e-05,-9.940453
40023,0.00010721742,-9.140652
40025,1.7696302e-05,-10.942155
40027,6.528412e-06,-11.939347
40029,0.00018872025,-8.575245
40031,9.435009e-06,-11.571083
40033,0.000104234874,-9.168864
40035,6.273454e-05,-9.676599
40037,5.3020626e-06,-12.147414
40039,3.5978676e-06,-12.53517
40041,8.754454e-06,-11.645948
40043,1.9209174e-05,-10.860123
40045,1.15385e-05,-11.369822
40047,1.9221075e-06,-13.162088
40049,1.5581694e-05,-11.069414
40051,3.3384229e-06,-12.610012
40053,6.6365683e-06,-11.922915
40055,9.154707e-05,-9.298657
40057,0.00013036562,-8.945168
40059,5.654918e-07,-14.385571
40061,0.00010724857,-9.140362
40063,0.00012546888,-8.983453
40065,3.7415649e-07,-14.798592
40067,0.00022722273,-8.38958
40069,9.6167874e-05,-9.249415
40071,5.534821e-07,-14.407037
40073,3.0132895e-16,-35.45175
40075,5.6098383e-05,-9.7884035
40077,0.00013992438,-8.874409
40079,1.6546166e-05,-11.0093565
40081,5.0194394e-06,-12.202192
40083,1.7126823e-06,-13.27745
40085,8.373924e-05,-9.387803
40087,1.5261465e-06,-13.392765
40089,8.744079e-06,-11.647134
40091,0.00011726236,-9.051097
40093,7.915806e-07,-14.049234
40095,5.077723e-05,-9.8880625
40097,2.7671853e-05,-10.495095
40099,6.0109596e-05,-9.719341
40101,1.9899378e-05,-10.824822
40103,4.4927065e-06,-12.313055
40105,9.323979e-05,-9.280336
40107,0.00010202869,-9.190256
40109,4.791192e-06,-12.248732
40111,6.54001e-05,-9.634987
40113,1.42144445e-05,-11.161252
40115,3.8408227e-05,-10.167239
40117,3.260544e-05,-10.331032
40119,8.2328825e-06,-11.707375
40121,2.6552603e-05,-10.536383
40123,5.2414007e-06,-12.158922
40125,2.057559e-06,-13.09399
40127,8.688811e-05,-9.350889
40129,2.6267486e-05,-10.547178
40131,8.5805567e-07,-13.968596
40133,3.9386934e-05,-10.1420765
40135,2.8840033e-05,-10.453746
40137,4.6960945e-06,-12.26878
40139,1.2035698e-06,-13.6302185
40141,2.25667e-05,-10.699036
40143,1.9571337e-06,-13.14403
40145,2.0706414e-06,-13.087652
40147,2.3484e-06,-12.961777
40149,3.0257808e-05,-10.405756
40151,1.0322383e-05,-11.481196
40153,2.6788991e-06,-12.830105
41001,3.6719277e-13,-28.632618
41003,5.679286e-05,-9.7761
41005,2.4895391e-05,-10.600828
41007,0.0004968593,-7.6072035
41009,1.8058814e-05,-10.921877
41011,3.032475e-06,-12.706132
41013,7.196503e-07,-14.144501
41015,3.66295e-05,-10.214657
41017,2.73295e-05,-10.507544
41019,8.8371655e-07,-13.93913
41021,2.414216e-05,-10.631551
41023,4.114576e-06,-12.400975
41025,2.0945942e-23,-36.841362
41027,0.0002703324,-8.215858
41029,1.9761053e-05,-10.831798
41031,6.0404454e-06,-12.017033
41033,4.636429e-06,-12.281567
41035,1.0781413e-06,-13.7402725
41037,0.0,-36.841362
41039,1.9849249e-05,-10.827345
41041,0.00025645955,-8.268539
41043,9.949844e-07,-13.8205385
41045,1.0809085e-05,-11.435123
41047,1.9965819e-05,-10.821488
41049,0.0,-36.841362
41051,1.4059593e-06,-13.474791
41053,6.0835595e-05,-9.707335
41055,0.00014670954,-8.827056
41057,0.00033258813,-8.008606
41059,1.7123397e-06,-13.27765
41061,2.962402e-08,-17.33468
41063,4.493469e-05,-10.010301
41065,0.00026342148,-8.2417555
41067,1.3395191e-05,-11.220614
41069,4.862949e-06,-12.233866
41071,3.687383e-05,-10.208009
42001,4.8585207e-07,-14.537362
42003,8.940954e-06,-11.624868
42005,5.770552e-06,-12.062743
42007,2.0303281e-05,-10.8047285
42009,1.3899032e-06,-13.486277
42011,1.3130563e-05,-11.240568
42013,1.3463288e-07,-15.820714
42015,1.6702205e-06,-13.302555
42017,1.6231254e-05,-11.028572
42019,1.1480757e-06,-13.6774235
42021,1.9395713e-05,-10.850458
42023,3.7834823e-05,-10.182281
42025,5.36776e-05,-9.832515
42027,5.8585523e-05,-9.745023
42029,1.2745668e-05,-11.270319
42031,2.9400169e-06,-12.737095
42033,8.138303e-06,-11.718929
42035,3.0808365e-05,-10.387724
42037,1.8822016e-06,-13.183068
42039,3.0707915e-06,-12.693575
42041,7.118417e-06,-11.852825
42043,3.2403757e-05,-10.337236
42045,1.5240698e-05,-11.091541
42047,6.719339e-05,-9.607936
42049,0.00014785693,-8.819265
42051,4.1430005e-05,-10.091505
42053,2.46796e-05,-10.609533
42055,1.7202919e-07,-15.575602
42057,4.4185945e-06,-12.329689
42059,9.463021e-05,-9.265533
42061,2.132528e-15,-33.73564
42063,3.918982e-06,-12.449678
42065,2.7302292e-06,-12.811125
42067,7.6127585e-06,-11.785685
42069,4.1439856e-05,-10.091268
42071,3.039347e-06,-12.703868
42073,2.2818547e-05,-10.687937
42075,4.0069688e-07,-14.730061
42077,4.3440963e-05,-10.044107
42079,1.6689159e-05,-11.0007515
42081,2.9099557e-08,-17.352543
42083,1.469249e-06,-13.430759
42085,1.2088705e-05,-11.323239
42087,1.8197758e-06,-13.216797
42089,0.0001048917,-9.162582
42091,1.0866776e-05,-11.4298
42093,1.2591574e-05,-11.282483
42095,4.1174084e-05,-10.097702
42097,3.4277089e-06,-12.583618
42099,0.0,-36.841362
42101,5.6262376e-08,-16.69324
42103,7.3792303e-06,-11.816841
42105,1.886385e-06,-13.180848
42107,9.461434e-06,-11.568287
42109,3.4768796e-06,-12.569375
42111,5.0307744e-06,-12.199937
42113,1.4209083e-05,-11.161629
42115,9.157301e-06,-11.600959
42117,2.824768e-07,-15.079669
42119,2.59868e-05,-10.557922
42121,3.853278e-06,-12.466586
42123,2.0178986e-05,-10.810869
42125,9.313372e-06,-11.58406
42127,4.383689e-06,-12.33762
42129,1.6163413e-06,-13.335345
42131,1.0652012e-05,-11.449761
42133,1.0331918e-06,-13.782858
44001,0.00013179891,-8.934234
44003,0.00012483283,-8.988535
44005,9.9747245e-05,-9.212872
44007,1.2858414e-06,-13.564097
44009,0.00010983971,-9.116488
45001,2.4571602e-05,-10.613919
45003,3.572956e-06,-12.542117
45005,0.00012234377,-9.008676
45007,2.0042907e-21,-36.841343
45009,0.0002056471,-8.489349
45011,0.0003316417,-8.011456
45013,1.3065287e-05,-11.245552
45015,1.1741406e-05,-11.352389
45017,0.00048172643,-7.638134
45019,2.3116416e-05,-10.674968
45021,7.172043e-12,-25.660816
45023,0.00024448487,-8.316358
45025,2.4147035e-05,-10.631349
45027,0.0007190114,-7.237633
45029,8.84653e-05,-9.3329
45031,0.000114567716,-9.074345
45033,0.0009958377,-6.9119263
45035,1.533148e-05,-11.085603
45037,5.8833593e-06,-12.043383
45039,0.00013024887,-8.946064
45041,4.2481184e-05,-10.066449
45043,3.0195253e-05,-10.407825
45045,2.0164407e-06,-13.114177
45047,9.879512e-06,-11.525047
45049,0.00022189821,-8.413292
45051,6.66351e-07,-14.221449
45053,0.0013919664,-6.577038
45055,8.273638e-06,-11.702436
45057,5.290261e-06,-12.149643
45059,2.3570476e-06,-12.9581
45061,0.00023709648,-8.347043
45063,1.6087024e-06,-13.340083
45065,0.0008956521,-7.0179586
45067,0.00020673801,-8.484058
45069,0.00025488937,-8.274681
45071,1.731856e-05,-10.963732
45073,8.875479e-07,-13.934803
45075,2.9196846e-05,-10.44145
45077,5.500686e-09,-19.018393
45079,1.6038455e-05,-11.040522
45081,3.923821e-06,-12.448444
45083,1.3154691e-06,-13.541317
45085,0.00011063216,-9.1093
45087,1.2049767e-05,-11.326466
45089,7.0283786e-05,-9.562969
45091,6.456534e-06,-11.9504175
46003,0.00023404225,-8.360009
46005,2.4969626e-05,-10.597851
46007,0.0008042266,-7.1256294
46009,8.367799e-05,-9.388535
46011,0.00011315918,-9.086715
46013,1.8898825e-05,-10.8764105
46015,2.653937e-05,-10.536881
46017,0.0005625374,-7.4830527
46019,9.035824e-10,-20.824654
46021,6.546632e-05,-9.633975
46023,9.532975e-05,-9.258168
46025,0.00012117865,-9.018245
46027,0.0012235962,-6.705961
46029,8.971425e-06,-11.621466
46031,0.006933318,-4.971417
46033,1.6471445e-06,-13.316467
46035,0.0,-36.841362
46037,0.00093450525,-6.9754934
46039,0.00024525035,-8.313231
46041,0.0011041601,-6.8086705
46043,1.424622e-05,-11.1590185
46045,4.524346e-05,-10.003452
46047,3.9379544e-10,-21.65519
46049,6.801845e-05,-9.595732
46051,8.436197e-05,-9.380394
46053,2.6604985e-05,-10.534412
46055,4.2285176e-14,-30.791977
46057,4.4793906e-05,-10.013438
46059,1.3973797e-05,-11.178327
46061,3.906171e-05,-10.150368
46063,2.2301347e-05,-10.710863
46065,1.9000325e-05,-10.871055
46067,4.2603756e-06,-12.366154
46069,6.8735775e-20,-36.840675
46071,9.198786e-05,-9.293854
46073,0.00054365856,-7.517189
46075,0.0,-36.841362
46077,6.921305e-05,-9.578321
46079,1.6429824e-05,-11.016413
46081,1.5281872e-05,-11.088843
46083,1.242943e-05,-11.295444
46085,0.0002381933,-8.342428
46087,4.680876e-05,-9.96944
46089,2.4211517e-05,-10.628682
46091,0.0012656112,-6.6722
46093,2.1727337e-06,-13.039524
46095,0.0012188165,-6.709875
46097,0.0005579096,-7.4913135
46099,1.3705537e-05,-11.197711
46101,0.00015744484,-8.756435
46102,9.376933e-06,-11.577258
46103,3.900856e-06,-12.454314
46105,6.6066345e-06,-11.927436
46107,1.7132657e-05,-10.9745245
46109,0.0009304189,-6.9798756
46111,0.00031081535,-8.076311
46113,2.4582507e-05,-10.613476
46115,6.430383e-05,-9.651892
46117,0.0,-36.841362
46119,1.636004e-21,-36.841347
46121,9.581539e-05,-9.253087
46123,1.3578081e-05,-11.207054
46125,7.634356e-06,-11.782852
46127,1.4264086e-05,-11.157765
46129,3.4497603e-05,-10.274621
46135,1.8997247e-06,-13.173801
46137,0.007404753,-4.905633
47001,1.23224845e-05,-11.304085
47003,2.0120242e-05,-10.813785
47005,0.0001814831,-8.614348
47007,7.251414e-05,-9.531729
47009,1.4210963e-06,-13.464082
47011,1.3302136e-06,-13.530171
47013,4.5945268e-05,-9.98806
47015,0.00013685002,-8.896625
47017,4.270068e-05,-10.0612955
47019,4.1180683e-06,-12.400126
47021,1.7848706e-05,-10.933579
47023,1.6194477e-05,-11.03084
47025,3.0346868e-05,-10.402818
47027,0.00034334353,-7.976779
47029,1.0550212e-05,-11.459365
47031,1.5635655e-05,-11.065957
47033,6.833768e-05,-9.591049
47035,5.507805e-06,-12.1093445
47037,1.48895215e-05,-11.114853
47039,0.00014026862,-8.871951
47041,0.00013889151,-8.881818
47043,3.490731e-05,-10.2628145
47045,1.7275946e-05,-10.966195
47047,5.144102e-06,-12.17766
47049,3.264773e-05,-10.329735
47051,4.1698608e-05,-10.085043
47053,2.9259549e-05,-10.439304
47055,6.544482e-05,-9.634303
47057,2.2810376e-05,-10.688295
47059,2.933417e-06,-12.739343
47061,0.00024471647,-8.315411
47063,4.854753e-06,-12.235553
47065,5.3251297e-06,-12.143074
47067,7.191171e-05,-9.5400715
47069,0.0005422331,-7.5198145
47071,3.7557467e-05,-10.189638
47073,6.065527e-06,-12.012889
47075,0.00075264706,-7.191914
47077,1.768156e-05,-10.942988
47079,5.338344e-05,-9.83801
47081,0.00014106727,-8.866274
47083,0.0006145443,-7.3946295
47085,0.00026003033,-8.254712
47087,0.0003501775,-7.9570704
47089,2.3316807e-06,-12.968922
47091,4.4256676e-06,-12.32809
47093,3.113109e-06,-12.679889
47095,0.00060362084,-7.4125643
47097,0.0002287434,-8.38291
47099,2.0570558e-05,-10.79165
47101,0.00014788247,-8.819093
47103,2.2346541e-05,-10.708839
47105,3.0703657e-06,-12.693714
47107,6.9351245e-06,-11.878912
47109,3.7655856e-05,-10.187022
47111,5.678394e-05,-9.776257
47113,1.7882903e-05,-10.931665
47115,8.735859e-05,-9.3454895
47117,6.7798705e-05,-9.598968
47119,9.455048e-06,-11.568962
47121,6.135114e-05,-9.698897
47123,1.4013573e-05,-11.175485
47125,1.3292966e-05,-11.228275
47127,0.00017085939,-8.674669
47129,6.428927e-05,-9.652118
47131,3.4954377e-05,-10.261467
47133,0.00015401049,-8.77849
47135,0.00040836682,-7.8033447
47137,0.00010724281,-9.140415
47139,6.301678e-05,-9.67211
47141,1.3200216e-05,-11.235277
47143,1.60945e-05,-11.037033
47145,9.588933e-06,-11.554901
47147,1.424436e-05,-11.159149
47149,4.666206e-06,-12.275165
47151,5.9023434e-05,-9.7375765
47153,7.0172806e-05,-9.564549
47155,3.2346775e-06,-12.641582
47157,8.950741e-06,-11.623775
47159,0.00013597896,-8.90301
47161,0.00022971767,-8.378659
47163,1.758206e-06,-13.251217
47165,3.489888e-06,-12.565641
47167,1.2676014e-06,-13.578384
47169,0.0005496326,-7.5062604
47171,2.2793696e-05,-10.689027
47173,4.450018e-05,-10.020018
47175,0.00049436605,-7.612234
47177,5.995983e-05,-9.721836
47179,2.4770345e-06,-12.908448
47181,2.8528864e-05,-10.464594
47183,2.7156213e-05,-10.513905
47185,7.3949705e-05,-9.512125
47187,2.596812e-06,-12.861226
47189,4.018873e-06,-12.424509
48001,8.178222e-07,-14.016621
48003,4.165789e-07,-14.69119
48005,2.3549e-06,-12.959012
48007,0.0,-36.841362
48009,1.0348972e-05,-11.478623
48011,2.6903346e-05,-10.52326
48013,1.0704892e-06,-13.747395
48015,1.032058e-12,-27.59937
48017,3.809248e-07,-14.7806635
48019,1.3764339e-17,-36.712402
48021,2.0843503e-05,-10.778468
48023,8.6519816e-05,-9.355137
48025,2.2885433e-05,-10.68501
48027,1.3295506e-05,-11.228085
48029,6.0213324e-06,-12.020202
48031,3.2164053e-06,-12.647246
48033,6.4854765e-05,-9.64336
48035,6.368053e-07,-14.266802
48037,2.1458052e-06,-13.051995
48039,4.897247e-06,-12.226837
48041,8.9973155e-06,-11.618585
48043,0.0006561114,-7.32918
48045,0.0001191129,-9.035439
48047,0.00026078007,-8.251833
48049,1.2423668e-10,-22.808832
48051,1.6672699e-05,-11.001738
48053,1.4742497e-11,-24.94028
48055,7.4353346e-05,-9.506681
48057,1.2619831e-05,-11.280241
48059,2.3710495e-06,-12.952178
48061,4.2864736e-05,-10.057461
48063,3.095399e-05,-10.383009
48065,4.034162e-11,-23.933636
48067,2.209075e-05,-10.720351
48069,1.1549387e-05,-11.368878
48071,1.7937884e-06,-13.231181
48073,2.4550927e-06,-12.917346
48075,2.2805863e-05,-10.688493
48077,1.8259712e-05,-10.910813
48079,6.253554e-05,-9.679775
48081,3.3099037e-05,-10.316007
48083,5.60645e-06,-12.091593
48085,2.7170604e-06,-12.81596
48087,3.6595102e-05,-10.215596
48089,1.8888622e-13,-29.297102
48091,1.7463357e-06,-13.257991
48093,1.3068738e-05,-11.245288
48095,1.1623983e-06,-13.665025
48097,4.2726887e-07,-14.665853
48099,7.3188708e-06,-11.825054
48101,0.00014461631,-8.841427
48103,1.1610389e-06,-13.666196
48105,8.579874e-06,-11.666091
48107,2.4762629e-05,-10.606175
48109,0.0049955267,-5.2992125
48111,0.0,-36.841362
48113,4.075373e-06,-12.410548
48115,3.6814001e-06,-12.5122175
48117,3.9336886e-05,-10.143348
48119,6.144741e-05,-9.697329
48121,2.7479903e-06,-12.804641
48123,0.0,-36.841362
48125,5.4248332e-05,-9.8219385
48127,0.000106196676,-9.150218
48129,1.0972823e-05,-11.420089
48131,0.0001693761,-8.683389
48133,5.937615e-06,-12.034204
48135,2.3897137e-06,-12.944337
48137,0.00014174115,-8.861508
48139,1.8797834e-06,-13.184354
48141,1.2451918e-05,-11.293636
48143,2.2377524e-06,-13.010038
48145,2.234496e-05,-10.70891
48147,1.7196826e-05,-10.970786
48149,3.181615e-07,-14.960707
48151,0.00025694183,-8.266661
48153,5.260347e-06,-12.1553135
48155,0.00092457,-6.9861817
48157,1.0950867e-05,-11.4220915
48159,5.519164e-06,-12.107285
48161,4.545624e-06,-12.301346
48163,0.0014262068,-6.5527368
48165,9.4863666e-11,-23.078579
48167,3.5334942e-06,-12.553224
48169,1.3039708e-05,-11.247511
48171,2.6909204e-06,-12.825627
48173,0.0,-36.841362
48175,1.4858055e-05,-11.116968
48177,1.9993566e-08,-17.727856
48179,3.3520458e-09,-19.513695
48181,6.009118e-07,-14.324818
48183,1.5093731e-06,-13.403816
48185,1.1875529e-05,-11.341031
48187,7.134694e-06,-11.850541
48189,4.7284457e-06,-12.261914
48191,7.3629286e-05,-9.516468
48193,8.80826e-06,-11.639821
48195,1.1649469e-20,-36.841244
48197,5.7781304e-05,-9.758845
48199,6.4646224e-06,-11.949166
48201,2.553491e-06,-12.878049
48203,4.9182577e-06,-12.222556
48205,3.2337275e-16,-35.398277
48207,0.00020141272,-8.510155
48209,3.4241668e-05,-10.282067
48211,1.667845e-08,-17.90915
48213,2.0779592e-06,-13.084125
48215,1.5812548e-05,-11.054707
48217,5.628911e-06,-12.087595
48219,0.0,-36.841362
48221,7.096319e-09,-18.763689
48223,4.930561e-06,-12.2200575
48225,1.0532592e-05,-11.461036
48227,5.486766e-19,-36.835888
48229,0.0005935911,-7.42932
48231,3.1344874e-07,-14.97563
48233,9.1126256e-32,-36.841362
48235,3.5592045e-06,-12.545974
48237,2.598712e-05,-10.55791
48239,6.7677856e-06,-11.903337
48241,1.0228547e-05,-11.490328
48243,0.0004713213,-7.6599708
48245,5.6264867e-05,-9.78544
48247,0.00058215996,-7.4487653
48249,0.0005621954,-7.483661
48251,8.120108e-08,-16.326338
48253,1.5642245e-05,-11.065536
48255,1.312902e-05,-11.240685
48257,8.1644845e-07,-14.018302
48259,2.8110069e-06,-12.781968
48261,0.017310822,-4.056423
48263,0.00032073713,-8.0448885
48265,1.7548396e-06,-13.253133
48267,5.7459088e-06,-12.067022
48269,0.00010332888,-9.177593
48271,2.3903678e-05,-10.641479
48273,0.0004643549,-7.6748614
48275,8.285603e-05,-9.398406
48277,3.4983407e-06,-12.563222
48279,0.0,-36.841362
48281,3.9634456e-06,-12.438396
48283,0.0030215993,-5.801969
48285,7.973182e-06,-11.739427
48287,3.2582307e-07,-14.936912
48289,1.2248642e-05,-11.310096
48291,4.030782e-06,-12.42155
48293,7.073761e-06,-11.859118
48295,5.7950127e-31,-36.841362
48297,1.0105991e-05,-11.502382
48299,3.9868676e-19,-36.837383
48301,0.00026687005,-8.228748
48303,1.9252593e-06,-13.16045
48305,1.8837666e-12,-26.997694
48307,2.804402e-06,-12.78432
48309,3.4368445e-06,-12.580956
48311,3.081679e-05,-10.387451
48313,2.5637788e-05,-10.571444
48315,8.908277e-05,-9.325945
48317,2.661901e-06,-12.83647
48319,2.0188377e-37,-36.841362
48321,1.5177018e-06,-13.3983135
48323,0.00013044066,-8.944592
48325,2.3757032e-06,-12.950217
48327,6.4044245e-05,-9.655936
48329,3.7297318e-07,-14.80176
48331,2.5717125e-05,-10.568354
48333,1.7516064e-05,-10.952393
48335,2.0075106e-05,-10.8160305
48337,6.8233358e-06,-11.895163
48339,4.2609147e-07,-14.668612
48341,1.7758448e-06,-13.241235
48343,0.000115212424,-9.068733
48345,2.1515136e-05,-10.746754
48347,3.9756283e-06,-12.435328
48349,3.330708e-06,-12.612326
48351,9.754967e-05,-9.235148
48353,4.6498008e-06,-12.278687
48355,2.1637275e-05,-10.741093
48357,4.7101636e-07,-14.568373
48359,9.276229e-06,-11.588056
48361,6.044507e-06,-12.01636
48363,9.796644e-06,-11.533471
48365,1.02842405e-05,-11.484898
48367,3.358039e-11,-24.117077
48369,8.540962e-06,-11.670637
48371,7.849183e-05,-9.452516
48373,6.597745e-06,-11.928782
48375,2.3544574e-06,-12.9592
48377,0.00065800425,-7.326299
48379,2.8769542e-05,-10.456193
48381,9.049751e-08,-16.217943
48383,1.1979232e-07,-15.937507
48385,0.0,-36.841362
48387,3.0338835e-05,-10.403082
48389,0.0012559332,-6.6798763
48391,1.0447143e-05,-11.469182
48393,8.9821835e-05,-9.317682
48395,8.663398e-05,-9.353819
48397,4.9876758e-06,-12.208541
48399,7.681804e-06,-11.776656
48401,5.4565754e-07,-14.421274
48403,3.3817923e-05,-10.294519
48405,6.852876e-05,-9.588257
48407,1.801965e-05,-10.924047
48409,6.585306e-06,-11.93067
48411,3.3819502e-05,-10.294473
48413,4.221887e-09,-19.282984
48415,0.0,-36.841362
48417,6.112764e-06,-12.005132
48419,2.0143673e-06,-13.115206
48421,0.0,-36.841362
48423,1.1832633e-06,-13.647235
48425,7.0429305e-06,-11.863486
48427,5.8561127e-05,-9.74544
48429,1.557262e-05,-11.069997
48431,9.3742965e-05,-9.274954
48433,0.0003024537,-8.103582
48435,1.9148234e-05,-10.8633
48437,2.2006443e-05,-10.724175
48439,2.3016428e-06,-12.981888
48441,4.1657367e-07,-14.691202
48443,0.0005216245,-7.5585628
48445,6.986391e-06,-11.871547
48447,8.811012e-05,-9.336924
48449,3.192281e-06,-12.654775
48451,1.2680588e-06,-13.578023
48453,5.6877316e-06,-12.077199
48455,4.4098048e-05,-10.029095
48457,2.9959732e-05,-10.415656
48459,4.890036e-06,-12.228311
48461,6.266451e-05,-9.677715
48463,0.00010624689,-9.149745
48465,0.00024528077,-8.3131075
48467,3.0116234e-06,-12.713032
48469,2.209555e-06,-13.022719
48471,5.75764e-06,-12.064983
48473,5.7919187e-06,-12.059047
48475,3.818447e-06,-12.475667
48477,1.0198279e-06,-13.7958765
48479,3.8559858e-05,-10.163299
48481,2.4247854e-06,-12.929768
48483,2.5711963e-05,-10.568554
48485,2.0574846e-06,-13.094027
48487,1.8520143e-37,-36.841362
48489,0.00044353819,-7.7207265
48491,7.4702507e-06,-11.804582
48493,1.4459825e-25,-36.841362
48495,1.964874e-06,-13.140082
48497,3.1582472e-06,-12.665493
48499,1.5639874e-07,-15.670857
48501,1.3212464e-05,-11.23435
48503,5.093478e-06,-12.18755
48505,0.000937424,-6.972375
48507,8.39922e-05,-9.384787
49001,1.1799014e-05,-11.347495
49003,1.0886996e-06,-13.730527
49005,5.6728427e-06,-12.079821
49007,6.527087e-05,-9.636965
49009,9.531318e-05,-9.258343
49011,3.0585422e-06,-12.697572
49013,1.7174999e-06,-13.274641
49015,9.974546e-06,-11.515474
49017,3.406517e-05,-10.287235
49019,0.00068168575,-7.2909417
49021,2.2376473e-06,-13.010086
49023,6.609671e-06,-11.926977
49025,4.278418e-05,-10.059342
49027,2.3022186e-19,-36.83906
49029,1.0330849e-05,-11.480376
49031,1.6084889e-05,-11.03763
49033,1.0148238e-05,-11.498211
49035,5.412556e-06,-12.126789
49037,0.00026872184,-8.221834
49039,4.030687e-06,-12.421574
49041,2.1363095e-25,-36.841362
49043,0.00016928322,-8.683937
49045,5.6056892e-06,-12.091728
49047,7.0656966e-12,-25.675755
49049,1.2142827e-06,-13.621357
49051,3.9511808e-05,-10.138911
49053,1.7268994e-06,-13.269183
49055,1.6863227e-05,-10.9903755
49057,5.8885753e-06,-12.042497
50001,0.000101341044,-9.197019
50003,0.00014436018,-8.843199
50005,0.0003195846,-8.048489
50007,1.7450944e-05,-10.956117
50009,0.0009838402,-6.924047
50011,0.00033907208,-7.989298
50013,0.0009760718,-6.9319744
50015,0.00012242685,-9.007997
50017,0.00023135527,-8.371556
50019,0.00048538714,-7.6305637
50021,0.00019501647,-8.542426
50023,4.7833644e-05,-9.947782
50025,3.8750593e-05,-10.158364
50027,6.267641e-05,-9.6775255
51001,0.00011355585,-9.083216
51003,6.282409e-05,-9.675172
51005,0.000119912955,-9.028745
51007,2.1940398e-31,-36.841362
51009,2.4481338e-14,-31.336788
51011,0.0,-36.841362
51013,1.075232e-05,-11.440389
51015,3.4634476e-07,-14.875832
51017,5.531964e-05,-9.802382
51019,8.933545e-07,-13.928283
51021,4.283059e-05,-10.058258
51023,4.113385e-18,-36.801052
51025,0.0005840334,-7.4455523
51027,0.00012742424,-8.967989
51029,0.00016037944,-8.737968
51031,1.4403373e-06,-13.450633
51033,0.00040908056,-7.8015985
51035,4.3173986e-06,-12.352858
51036,0.00012940705,-8.952548
51037,2.499487e-05,-10.59684
51041,1.1691522e-05,-11.356647
51043,8.132561e-05,-9.417049
51045,4.3246237e-05,-10.0486
51047,2.245015e-05,-10.704213
51049,0.0002871021,-8.155673
51051,0.00016630007,-8.701716
51053,7.240001e-05,-9.533304
51057,0.00091646967,-6.994982
51059,5.3005488e-06,-12.1477
51061,1.3832138e-05,-11.188516
51063,3.557912e-08,-17.151506
51065,0.00012644281,-8.97572
51067,4.457121e-09,-19.228764
51069,4.7417334e-06,-12.259108
51071,5.2673353e-05,-9.851401
51073,1.0105281e-06,-13.8050375
51075,2.361778e-05,-10.653511
51077,1.5458507e-05,-11.077352
51079,1.9237514e-05,-10.858648
51081,0.0007225552,-7.2327166
51083,3.82013e-05,-10.172641
51085,6.075061e-06,-12.011318
51087,1.8979072e-05,-10.872173
51089,0.0,-36.841362
51091,4.6530688e-05,-9.975399
51093,2.3852865e-05,-10.643606
51095,3.7587426e-05,-10.188841
51097,1.9110907e-05,-10.865252
51099,2.6472831e-05,-10.5393915
51101,0.0,-36.841362
51103,0.0002221786,-8.412029
51105,5.7840414e-05,-9.757823
51107,2.0594827e-05,-10.790471
51109,3.4239582e-07,-14.887299
51111,4.2299234e-05,-10.070742
51113,6.2239344e-18,-36.780983
51115,5.35299e-06,-12.137856
51117,6.0226404e-05,-9.7174
51119,4.102097e-05,-10.101427
51121,8.8422865e-05,-9.33338
51125,0.00037060742,-7.9003673
51127,6.716131e-06,-11.910998
51131,0.00097120117,-6.936977
51133,8.33879e-05,-9.392008
51135,0.00012184299,-9.012777
51137,5.8455153e-06,-12.049836
51139,7.927555e-06,-11.745166
51141,3.10314e-06,-12.683096
51143,1.436971e-07,-15.755558
51145,3.3652648e-06,-12.602004
51147,0.0006440845,-7.3476806
51149,4.7355436e-05,-9.9578285
51153,2.036609e-05,-10.80164
51155,3.4740697e-06,-12.570184
51157,0.00012285144,-9.004535
51159,7.450348e-05,-9.504664
51161,4.1225085e-06,-12.399049
51163,3.872522e-06,-12.461605
51165,2.9965838e-06,-12.718038
51167,6.640649e-05,-9.619716
51169,1.8768082e-05,-10.883353
51171,1.7051897e-15,-33.948112
51173,1.4205795e-05,-11.16186
51175,2.0024798e-05,-10.81854
51177,2.1675267e-05,-10.739339
51179,3.121312e-05,-10.374672
51181,0.0019463071,-6.2418213
51183,0.0010755545,-6.834919
51185,2.3130395e-05,-10.674363
51187,1.0532033e-06,-13.763675
51191,4.41999e-06,-12.329373
51193,0.00031475388,-8.06372
51195,3.1936688e-05,-10.351755
51197,1.9706858e-06,-13.137129
51199,2.9011528e-05,-10.447818
51510,1.6559154e-05,-11.008572
51515,0.0004946537,-7.611653
51520,4.0809746e-06,-12.409175
51530,0.00017965754,-8.624458
51540,3.734117e-05,-10.195415
51550,2.658814e-05,-10.535046
51570,1.7126158e-05,-10.974903
51580,0.0017796882,-6.331317
51590,0.00018170773,-8.6131115
51595,0.001014823,-6.893041
51600,0.00024256673,-8.324234
51610,0.00021652044,-8.437825
51620,0.0007776979,-7.1591725
51630,0.0003153746,-8.061749
51640,0.000121578516,-9.014951
51650,2.948118e-05,-10.431759
51660,0.00018499648,-8.595174
51670,0.0004318361,-7.7474647
51678,0.0013557323,-6.6034136
51680,5.438445e-05,-9.819432
51683,0.00021341765,-8.452259
51685,0.0005621907,-7.4836693
51690,0.00058403664,-7.445547
51700,4.0451883e-05,-10.115397
51710,1.459293e-05,-11.134974
51720,0.0009146707,-6.9969463
51730,1.1939927e-05,-11.335623
51735,5.3763038e-06,-12.13351
51740,3.5635632e-05,-10.242165
51750,0.0007744921,-7.163303
51760,7.939171e-06,-11.743702
51770,0.0001017096,-9.193389
51775,1.6936581e-05,-10.986034
51790,0.00026650002,-8.230136
51800,0.00011779261,-9.046585
51810,1.3412786e-05,-11.219302
51820,0.0001505331,-8.801328
51830,0.00040006623,-7.8238807
51840,0.00030993854,-8.079137
53001,2.6227759e-05,-10.548693
53003,2.0750549e-05,-10.782938
53005,5.2515575e-06,-12.156986
53007,3.1914315e-05,-10.352456
53009,8.725461e-05,-9.346681
53011,1.9180088e-05,-10.861638
53013,2.6776017e-05,-10.528004
53015,3.767381e-05,-10.186545
53017,1.659845e-05,-11.006202
53019,2.8738215e-05,-10.457283
53021,3.3130767e-05,-10.315048
53023,3.014633e-05,-10.409448
53025,1.2940275e-06,-13.557751
53027,0.00017210784,-8.667389
53029,9.2568705e-05,-9.2875595
53031,0.00010315192,-9.179308
53033,1.5176274e-06,-13.398362
53035,4.2139793e-05,-10.074518
53037,5.7323137e-05,-9.766807
53039,0.00013838652,-8.88546
53041,1.4098232e-06,-13.472046
53043,3.020238e-31,-36.841362
53045,0.00015029313,-8.802923
53047,6.480221e-05,-9.644171
53049,0.0009667407,-6.9415803
53051,0.0,-36.841362
53053,2.0150186e-05,-10.812297
53055,0.00013367184,-8.920123
53057,8.117498e-05,-9.418903
53059,0.00026854523,-8.222491
53061,1.5379517e-05,-11.082474
53063,8.282776e-06,-11.701332
53065,5.9969614e-07,-14.326843
53067,4.3953478e-05,-10.032379
53069,0.00015574422,-8.767296
53071,4.011382e-05,-10.12379
53073,4.3546737e-05,-10.041676
53075,0.00017631253,-8.643252
53077,1.6475782e-05,-11.013619
54001,5.344137e-05,-9.8369255
54003,2.5119866e-07,-15.1970215
54005,0.00017260344,-8.664514
54007,0.000250177,-8.293342
54009,0.00015953282,-8.743261
54011,8.028952e-06,-11.732456
54013,0.00032696206,-8.025666
54015,0.0002528314,-8.282787
54017,2.1366908e-05,-10.753667
54019,0.00010497436,-9.161795
54021,0.0001443467,-8.843292
54023,1.6179631e-06,-13.334343
54025,1.8306964e-05,-10.908229
54027,1.0249707e-05,-11.488261
54029,6.168423e-05,-9.693482
54031,1.0097577e-05,-11.503215
54033,1.7128248e-05,-10.974782
54035,2.9806724e-05,-10.420776
54037,9.984876e-06,-11.514439
54039,1.0040908e-05,-11.508843
54041,1.7491519e-05,-10.9537945
54043,0.00013971132,-8.875933
54045,7.858665e-05,-9.451309
54047,0.00021409549,-8.449088
54049,7.2493785e-05,-9.53201
54051,4.631356e-05,-9.980076
54053,7.8334786e-05,-9.454519
54055,1.7220984e-05,-10.969382
54057,4.0611344e-06,-12.414048
54059,0.00010639828,-9.148321
54061,6.0967017e-05,-9.705177
54063,5.057725e-05,-9.892009
54065,9.399071e-06,-11.5749
54067,9.22252e-05,-9.291277
54069,2.5120323e-06,-12.894419
54071,5.326253e-05,-9.840278
54073,0.00010298595,-9.180918
54075,5.5354572e-05,-9.801751
54077,8.362299e-06,-11.691777
54079,4.9968603e-06,-12.206701
54081,1.3305476e-05,-11.227335
54083,3.5490015e-05,-10.246259
54085,1.0829839e-05,-11.433206
54087,8.255057e-05,-9.4021
54089,0.00014521807,-8.837274
54091,5.026208e-05,-9.89826
54093,6.6065964e-05,-9.624857
54095,4.6241323e-05,-9.981637
54097,5.4285742e-06,-12.123834
54099,3.912216e-05,-10.148822
54101,0.00040821833,-7.8037086
54103,0.00015506333,-8.771677
54105,0.00010447374,-9.1665745
54107,1.2080929e-08,-18.231638
54109,8.465005e-05,-9.376985
55001,0.00042775183,-7.7569675
55003,0.00022429573,-8.402545
55005,4.630549e-05,-9.98025
55007,0.00033896024,-7.989628
55009,1.7753047e-05,-10.938953
55011,0.0004310734,-7.7492323
55013,8.127686e-05,-9.417649
55015,1.664521e-05,-11.003388
55017,2.6076055e-05,-10.554493
55019,6.9118076e-05,-9.579695
55021,0.00024688765,-8.306578
55023,0.0012024697,-6.7233777
55025,3.5187256e-06,-12.557412
55027,1.6491947e-06,-13.315224
55029,0.00031731508,-8.055615
55031,5.52088e-05,-9.804388
55033,0.00012775906,-8.965364
55035,0.00014645755,-8.828775
55037,2.968805e-05,-10.424766
55039,1.8662777e-06,-13.191565
55041,0.0004622315,-7.679445
55043,0.00023764082,-8.34475
55045,0.0005422233,-7.5198326
55047,4.4389612e-06,-12.32509
55049,0.0002794152,-8.182812
55051,0.00047991285,-7.6419063
55053,0.00071109564,-7.2487035
55055,8.888094e-06,-11.630798
55057,0.00014761182,-8.820925
55059,0.00015883072,-8.747671
55061,0.00013653628,-8.89892
55063,0.000110196925,-9.113241
55065,0.0007980207,-7.133376
55067,3.54486e-05,-10.247427
55069,9.8833705e-05,-9.222072
55071,1.3203875e-05,-11.235001
55073,4.3269074e-06,-12.350657
55075,4.0870164e-05,-10.10511
55077,9.073491e-05,-9.307569
55078,2.4934085e-05,-10.599275
55079,3.7587417e-06,-12.491426
55081,3.4997767e-05,-10.260226
55083,4.629011e-05,-9.980582
55085,3.0998075e-05,-10.381585
55087,2.0487061e-05,-10.795717
55089,1.1077491e-05,-11.410595
55091,0.00080665207,-7.122618
55093,1.8903693e-05,-10.876153
55095,1.9693838e-05,-10.835205
55097,0.00034587595,-7.9694304
55099,0.00021108285,-8.46326
55101,3.2703625e-05,-10.328025
55103,0.0006575046,-7.327059
55105,3.0826814e-05,-10.387126
55107,0.00020053146,-8.51454
55109,5.508633e-06,-12.109194
55111,0.00033319858,-8.006772
55113,7.0999784e-05,-9.552834
55115,2.4791296e-05,-10.605018
55117,7.2984553e-06,-11.8278475
55119,3.3120978e-05,-10.315344
55121,0.0004893518,-7.622429
55123,0.00080378196,-7.1261826
55125,9.210232e-06,-11.595196
55127,9.215445e-06,-11.594629
55129,7.112154e-05,-9.551121
55131,6.5556793e-07,-14.237764
55133,1.4473924e-06,-13.445747
55135,6.8397885e-06,-11.892754
55137,2.945248e-05,-10.432733
55139,4.55659e-05,-9.996351
55141,1.9267982e-05,-10.857066
56001,0.00017540634,-8.648405
56003,0.0,-36.841362
56005,1.9815054e-06,-13.131654
56007,1.4021936e-06,-13.477472
56009,4.485746e-09,-19.22236
56011,1.320448e-08,-18.14271
56013,2.61615e-06,-12.8538065
56015,1.1519163e-06,-13.674084
56017,1.5503548e-06,-13.377027
56019,1.1925122e-06,-13.639448
56021,8.958371e-07,-13.925508
56023,0.0,-36.841362
56025,5.225812e-07,-14.464485
56027,1.684934e-31,-36.841362
56029,5.443234e-09,-19.028893
56031,1.9779514e-05,-10.830864
56033,3.256685e-12,-26.450281
56035,4.5084803e-06,-12.30955
56037,4.6773266e-06,-12.272784
56039,0.00022441814,-8.401999
56041,2.7968579e-06,-12.787014
56043,0.0,-36.841362
56045,9.4560727e-07,-13.871439
